path;name;ext;dir;size;mtime;last_seen
C:\myGit\STM32_Projects\B-G474E-DPOW1\HRTIM_Buck_Boost\.extSettings;.extSettings;;C:\myGit\STM32_Projects\B-G474E-DPOW1\HRTIM_Buck_Boost;191;1768655631.8306208;1768730753
C:\myGit\STM32_Projects\B-G474E-DPOW1\HRTIM_Buck_Boost\.mxproject;.mxproject;;C:\myGit\STM32_Projects\B-G474E-DPOW1\HRTIM_Buck_Boost;14524;1768655631.8306208;1768730753
C:\myGit\STM32_Projects\B-G474E-DPOW1\HRTIM_Buck_Boost\.project;.project;;C:\myGit\STM32_Projects\B-G474E-DPOW1\HRTIM_Buck_Boost;220;1768724222.6159673;1768730753
C:\myGit\STM32_Projects\B-G474E-DPOW1\HRTIM_Buck_Boost\Drivers\BSP\B-G474E-DPOW1\B-G474E-DPOW1_BSP_User_Manual.chm;B-G474E-DPOW1_BSP_User_Manual.chm;.chm;C:\myGit\STM32_Projects\B-G474E-DPOW1\HRTIM_Buck_Boost\Drivers\BSP\B-G474E-DPOW1;246370;1768655631.8332667;1768730753
C:\myGit\STM32_Projects\B-G474E-DPOW1\HRTIM_Buck_Boost\Drivers\BSP\B-G474E-DPOW1\b_g474e_dpow1.c;b_g474e_dpow1.c;.c;C:\myGit\STM32_Projects\B-G474E-DPOW1\HRTIM_Buck_Boost\Drivers\BSP\B-G474E-DPOW1;22849;1768655631.8332667;1768730753
C:\myGit\STM32_Projects\B-G474E-DPOW1\HRTIM_Buck_Boost\Drivers\BSP\B-G474E-DPOW1\b_g474e_dpow1.h;b_g474e_dpow1.h;.h;C:\myGit\STM32_Projects\B-G474E-DPOW1\HRTIM_Buck_Boost\Drivers\BSP\B-G474E-DPOW1;12032;1768655631.8332667;1768730753
C:\myGit\STM32_Projects\B-G474E-DPOW1\HRTIM_Buck_Boost\Drivers\BSP\B-G474E-DPOW1\b_g474e_dpow1_conf_template.h;b_g474e_dpow1_conf_template.h;.h;C:\myGit\STM32_Projects\B-G474E-DPOW1\HRTIM_Buck_Boost\Drivers\BSP\B-G474E-DPOW1;1933;1768655631.8374884;1768730753
C:\myGit\STM32_Projects\B-G474E-DPOW1\HRTIM_Buck_Boost\Drivers\BSP\B-G474E-DPOW1\b_g474e_dpow1_errno.h;b_g474e_dpow1_errno.h;.h;C:\myGit\STM32_Projects\B-G474E-DPOW1\HRTIM_Buck_Boost\Drivers\BSP\B-G474E-DPOW1;1524;1768655631.8374884;1768730753
C:\myGit\STM32_Projects\B-G474E-DPOW1\HRTIM_Buck_Boost\Drivers\BSP\B-G474E-DPOW1\b_g474e_dpow1_usbpd_pwr.c;b_g474e_dpow1_usbpd_pwr.c;.c;C:\myGit\STM32_Projects\B-G474E-DPOW1\HRTIM_Buck_Boost\Drivers\BSP\B-G474E-DPOW1;38107;1768655631.8374884;1768730753
C:\myGit\STM32_Projects\B-G474E-DPOW1\HRTIM_Buck_Boost\Drivers\BSP\B-G474E-DPOW1\b_g474e_dpow1_usbpd_pwr.h;b_g474e_dpow1_usbpd_pwr.h;.h;C:\myGit\STM32_Projects\B-G474E-DPOW1\HRTIM_Buck_Boost\Drivers\BSP\B-G474E-DPOW1;7693;1768655631.8394918;1768730753
C:\myGit\STM32_Projects\B-G474E-DPOW1\HRTIM_Buck_Boost\Drivers\BSP\B-G474E-DPOW1\LICENSE.txt;LICENSE.txt;.txt;C:\myGit\STM32_Projects\B-G474E-DPOW1\HRTIM_Buck_Boost\Drivers\BSP\B-G474E-DPOW1;383;1768655631.8332667;1768730753
C:\myGit\STM32_Projects\B-G474E-DPOW1\HRTIM_Buck_Boost\Drivers\BSP\B-G474E-DPOW1\Release_Notes.html;Release_Notes.html;.html;C:\myGit\STM32_Projects\B-G474E-DPOW1\HRTIM_Buck_Boost\Drivers\BSP\B-G474E-DPOW1;8043;1768655631.8332667;1768730753
C:\myGit\STM32_Projects\B-G474E-DPOW1\HRTIM_Buck_Boost\Drivers\BSP\B-G474E-DPOW1\_htmresc\mini-st.css;mini-st.css;.css;C:\myGit\STM32_Projects\B-G474E-DPOW1\HRTIM_Buck_Boost\Drivers\BSP\B-G474E-DPOW1\_htmresc;58893;1768655631.8332667;1768730753
C:\myGit\STM32_Projects\B-G474E-DPOW1\HRTIM_Buck_Boost\Drivers\BSP\B-G474E-DPOW1\_htmresc\st_logo.png;st_logo.png;.png;C:\myGit\STM32_Projects\B-G474E-DPOW1\HRTIM_Buck_Boost\Drivers\BSP\B-G474E-DPOW1\_htmresc;18616;1768655631.8332667;1768730753
C:\myGit\STM32_Projects\B-G474E-DPOW1\HRTIM_Buck_Boost\Drivers\CMSIS\Device\ST\STM32G4xx\Include\stm32g474xx.h;stm32g474xx.h;.h;C:\myGit\STM32_Projects\B-G474E-DPOW1\HRTIM_Buck_Boost\Drivers\CMSIS\Device\ST\STM32G4xx\Include;1410149;1768655631.8414962;1768730753
C:\myGit\STM32_Projects\B-G474E-DPOW1\HRTIM_Buck_Boost\Drivers\CMSIS\Device\ST\STM32G4xx\Include\stm32g4xx.h;stm32g4xx.h;.h;C:\myGit\STM32_Projects\B-G474E-DPOW1\HRTIM_Buck_Boost\Drivers\CMSIS\Device\ST\STM32G4xx\Include;9189;1768655631.8414962;1768730753
C:\myGit\STM32_Projects\B-G474E-DPOW1\HRTIM_Buck_Boost\Drivers\CMSIS\Device\ST\STM32G4xx\Include\system_stm32g4xx.h;system_stm32g4xx.h;.h;C:\myGit\STM32_Projects\B-G474E-DPOW1\HRTIM_Buck_Boost\Drivers\CMSIS\Device\ST\STM32G4xx\Include;2356;1768655631.8414962;1768730753
C:\myGit\STM32_Projects\B-G474E-DPOW1\HRTIM_Buck_Boost\Drivers\CMSIS\Device\ST\STM32G4xx\LICENSE.txt;LICENSE.txt;.txt;C:\myGit\STM32_Projects\B-G474E-DPOW1\HRTIM_Buck_Boost\Drivers\CMSIS\Device\ST\STM32G4xx;377;1768655631.8414962;1768730753
C:\myGit\STM32_Projects\B-G474E-DPOW1\HRTIM_Buck_Boost\Drivers\CMSIS\Include\cmsis_armcc.h;cmsis_armcc.h;.h;C:\myGit\STM32_Projects\B-G474E-DPOW1\HRTIM_Buck_Boost\Drivers\CMSIS\Include;29026;1768655631.8414962;1768730753
C:\myGit\STM32_Projects\B-G474E-DPOW1\HRTIM_Buck_Boost\Drivers\CMSIS\Include\cmsis_armclang.h;cmsis_armclang.h;.h;C:\myGit\STM32_Projects\B-G474E-DPOW1\HRTIM_Buck_Boost\Drivers\CMSIS\Include;47343;1768655631.8414962;1768730753
C:\myGit\STM32_Projects\B-G474E-DPOW1\HRTIM_Buck_Boost\Drivers\CMSIS\Include\cmsis_armclang_ltm.h;cmsis_armclang_ltm.h;.h;C:\myGit\STM32_Projects\B-G474E-DPOW1\HRTIM_Buck_Boost\Drivers\CMSIS\Include;57115;1768655631.8414962;1768730753
C:\myGit\STM32_Projects\B-G474E-DPOW1\HRTIM_Buck_Boost\Drivers\CMSIS\Include\cmsis_compiler.h;cmsis_compiler.h;.h;C:\myGit\STM32_Projects\B-G474E-DPOW1\HRTIM_Buck_Boost\Drivers\CMSIS\Include;9764;1768655631.8414962;1768730753
C:\myGit\STM32_Projects\B-G474E-DPOW1\HRTIM_Buck_Boost\Drivers\CMSIS\Include\cmsis_gcc.h;cmsis_gcc.h;.h;C:\myGit\STM32_Projects\B-G474E-DPOW1\HRTIM_Buck_Boost\Drivers\CMSIS\Include;64795;1768655631.8491225;1768730753
C:\myGit\STM32_Projects\B-G474E-DPOW1\HRTIM_Buck_Boost\Drivers\CMSIS\Include\cmsis_iccarm.h;cmsis_iccarm.h;.h;C:\myGit\STM32_Projects\B-G474E-DPOW1\HRTIM_Buck_Boost\Drivers\CMSIS\Include;29127;1768655631.8491225;1768730753
C:\myGit\STM32_Projects\B-G474E-DPOW1\HRTIM_Buck_Boost\Drivers\CMSIS\Include\cmsis_version.h;cmsis_version.h;.h;C:\myGit\STM32_Projects\B-G474E-DPOW1\HRTIM_Buck_Boost\Drivers\CMSIS\Include;1715;1768655631.8491225;1768730753
C:\myGit\STM32_Projects\B-G474E-DPOW1\HRTIM_Buck_Boost\Drivers\CMSIS\Include\core_armv81mml.h;core_armv81mml.h;.h;C:\myGit\STM32_Projects\B-G474E-DPOW1\HRTIM_Buck_Boost\Drivers\CMSIS\Include;171740;1768655631.8491225;1768730753
C:\myGit\STM32_Projects\B-G474E-DPOW1\HRTIM_Buck_Boost\Drivers\CMSIS\Include\core_armv8mbl.h;core_armv8mbl.h;.h;C:\myGit\STM32_Projects\B-G474E-DPOW1\HRTIM_Buck_Boost\Drivers\CMSIS\Include;98060;1768655631.8491225;1768730753
C:\myGit\STM32_Projects\B-G474E-DPOW1\HRTIM_Buck_Boost\Drivers\CMSIS\Include\core_armv8mml.h;core_armv8mml.h;.h;C:\myGit\STM32_Projects\B-G474E-DPOW1\HRTIM_Buck_Boost\Drivers\CMSIS\Include;161332;1768655631.8491225;1768730753
C:\myGit\STM32_Projects\B-G474E-DPOW1\HRTIM_Buck_Boost\Drivers\CMSIS\Include\core_cm0.h;core_cm0.h;.h;C:\myGit\STM32_Projects\B-G474E-DPOW1\HRTIM_Buck_Boost\Drivers\CMSIS\Include;42382;1768655631.8491225;1768730753
C:\myGit\STM32_Projects\B-G474E-DPOW1\HRTIM_Buck_Boost\Drivers\CMSIS\Include\core_cm0plus.h;core_cm0plus.h;.h;C:\myGit\STM32_Projects\B-G474E-DPOW1\HRTIM_Buck_Boost\Drivers\CMSIS\Include;50609;1768655631.8491225;1768730753
C:\myGit\STM32_Projects\B-G474E-DPOW1\HRTIM_Buck_Boost\Drivers\CMSIS\Include\core_cm1.h;core_cm1.h;.h;C:\myGit\STM32_Projects\B-G474E-DPOW1\HRTIM_Buck_Boost\Drivers\CMSIS\Include;43605;1768655631.8491225;1768730753
C:\myGit\STM32_Projects\B-G474E-DPOW1\HRTIM_Buck_Boost\Drivers\CMSIS\Include\core_cm23.h;core_cm23.h;.h;C:\myGit\STM32_Projects\B-G474E-DPOW1\HRTIM_Buck_Boost\Drivers\CMSIS\Include;104693;1768655631.8491225;1768730753
C:\myGit\STM32_Projects\B-G474E-DPOW1\HRTIM_Buck_Boost\Drivers\CMSIS\Include\core_cm3.h;core_cm3.h;.h;C:\myGit\STM32_Projects\B-G474E-DPOW1\HRTIM_Buck_Boost\Drivers\CMSIS\Include;111357;1768655631.8491225;1768730753
C:\myGit\STM32_Projects\B-G474E-DPOW1\HRTIM_Buck_Boost\Drivers\CMSIS\Include\core_cm33.h;core_cm33.h;.h;C:\myGit\STM32_Projects\B-G474E-DPOW1\HRTIM_Buck_Boost\Drivers\CMSIS\Include;167995;1768655631.8491225;1768730753
C:\myGit\STM32_Projects\B-G474E-DPOW1\HRTIM_Buck_Boost\Drivers\CMSIS\Include\core_cm35p.h;core_cm35p.h;.h;C:\myGit\STM32_Projects\B-G474E-DPOW1\HRTIM_Buck_Boost\Drivers\CMSIS\Include;168005;1768655631.8491225;1768730753
C:\myGit\STM32_Projects\B-G474E-DPOW1\HRTIM_Buck_Boost\Drivers\CMSIS\Include\core_cm4.h;core_cm4.h;.h;C:\myGit\STM32_Projects\B-G474E-DPOW1\HRTIM_Buck_Boost\Drivers\CMSIS\Include;122991;1768655631.8491225;1768730753
C:\myGit\STM32_Projects\B-G474E-DPOW1\HRTIM_Buck_Boost\Drivers\CMSIS\Include\core_cm7.h;core_cm7.h;.h;C:\myGit\STM32_Projects\B-G474E-DPOW1\HRTIM_Buck_Boost\Drivers\CMSIS\Include;151761;1768655631.8491225;1768730753
C:\myGit\STM32_Projects\B-G474E-DPOW1\HRTIM_Buck_Boost\Drivers\CMSIS\Include\core_sc000.h;core_sc000.h;.h;C:\myGit\STM32_Projects\B-G474E-DPOW1\HRTIM_Buck_Boost\Drivers\CMSIS\Include;47432;1768655631.8491225;1768730753
C:\myGit\STM32_Projects\B-G474E-DPOW1\HRTIM_Buck_Boost\Drivers\CMSIS\Include\core_sc300.h;core_sc300.h;.h;C:\myGit\STM32_Projects\B-G474E-DPOW1\HRTIM_Buck_Boost\Drivers\CMSIS\Include;110326;1768655631.8491225;1768730753
C:\myGit\STM32_Projects\B-G474E-DPOW1\HRTIM_Buck_Boost\Drivers\CMSIS\Include\mpu_armv7.h;mpu_armv7.h;.h;C:\myGit\STM32_Projects\B-G474E-DPOW1\HRTIM_Buck_Boost\Drivers\CMSIS\Include;11962;1768655631.8491225;1768730753
C:\myGit\STM32_Projects\B-G474E-DPOW1\HRTIM_Buck_Boost\Drivers\CMSIS\Include\mpu_armv8.h;mpu_armv8.h;.h;C:\myGit\STM32_Projects\B-G474E-DPOW1\HRTIM_Buck_Boost\Drivers\CMSIS\Include;11601;1768655631.8491225;1768730753
C:\myGit\STM32_Projects\B-G474E-DPOW1\HRTIM_Buck_Boost\Drivers\CMSIS\Include\tz_context.h;tz_context.h;.h;C:\myGit\STM32_Projects\B-G474E-DPOW1\HRTIM_Buck_Boost\Drivers\CMSIS\Include;2757;1768655631.8491225;1768730753
C:\myGit\STM32_Projects\B-G474E-DPOW1\HRTIM_Buck_Boost\Drivers\CMSIS\LICENSE.txt;LICENSE.txt;.txt;C:\myGit\STM32_Projects\B-G474E-DPOW1\HRTIM_Buck_Boost\Drivers\CMSIS;11558;1768655631.8491225;1768730753
C:\myGit\STM32_Projects\B-G474E-DPOW1\HRTIM_Buck_Boost\Drivers\STM32G4xx_HAL_Driver\Inc\Legacy\stm32_hal_legacy.h;stm32_hal_legacy.h;.h;C:\myGit\STM32_Projects\B-G474E-DPOW1\HRTIM_Buck_Boost\Drivers\STM32G4xx_HAL_Driver\Inc\Legacy;242657;1768655631.8491225;1768730753
C:\myGit\STM32_Projects\B-G474E-DPOW1\HRTIM_Buck_Boost\Drivers\STM32G4xx_HAL_Driver\Inc\stm32g4xx_hal.h;stm32g4xx_hal.h;.h;C:\myGit\STM32_Projects\B-G474E-DPOW1\HRTIM_Buck_Boost\Drivers\STM32G4xx_HAL_Driver\Inc;29062;1768655631.8491225;1768730753
C:\myGit\STM32_Projects\B-G474E-DPOW1\HRTIM_Buck_Boost\Drivers\STM32G4xx_HAL_Driver\Inc\stm32g4xx_hal_adc.h;stm32g4xx_hal_adc.h;.h;C:\myGit\STM32_Projects\B-G474E-DPOW1\HRTIM_Buck_Boost\Drivers\STM32G4xx_HAL_Driver\Inc;154535;1768655631.8491225;1768730753
C:\myGit\STM32_Projects\B-G474E-DPOW1\HRTIM_Buck_Boost\Drivers\STM32G4xx_HAL_Driver\Inc\stm32g4xx_hal_adc_ex.h;stm32g4xx_hal_adc_ex.h;.h;C:\myGit\STM32_Projects\B-G474E-DPOW1\HRTIM_Buck_Boost\Drivers\STM32G4xx_HAL_Driver\Inc;115325;1768655631.8491225;1768730753
C:\myGit\STM32_Projects\B-G474E-DPOW1\HRTIM_Buck_Boost\Drivers\STM32G4xx_HAL_Driver\Inc\stm32g4xx_hal_cortex.h;stm32g4xx_hal_cortex.h;.h;C:\myGit\STM32_Projects\B-G474E-DPOW1\HRTIM_Buck_Boost\Drivers\STM32G4xx_HAL_Driver\Inc;17917;1768655631.8491225;1768730753
C:\myGit\STM32_Projects\B-G474E-DPOW1\HRTIM_Buck_Boost\Drivers\STM32G4xx_HAL_Driver\Inc\stm32g4xx_hal_def.h;stm32g4xx_hal_def.h;.h;C:\myGit\STM32_Projects\B-G474E-DPOW1\HRTIM_Buck_Boost\Drivers\STM32G4xx_HAL_Driver\Inc;7177;1768655631.8491225;1768730753
C:\myGit\STM32_Projects\B-G474E-DPOW1\HRTIM_Buck_Boost\Drivers\STM32G4xx_HAL_Driver\Inc\stm32g4xx_hal_dma.h;stm32g4xx_hal_dma.h;.h;C:\myGit\STM32_Projects\B-G474E-DPOW1\HRTIM_Buck_Boost\Drivers\STM32G4xx_HAL_Driver\Inc;37499;1768655631.8491225;1768730753
C:\myGit\STM32_Projects\B-G474E-DPOW1\HRTIM_Buck_Boost\Drivers\STM32G4xx_HAL_Driver\Inc\stm32g4xx_hal_dma_ex.h;stm32g4xx_hal_dma_ex.h;.h;C:\myGit\STM32_Projects\B-G474E-DPOW1\HRTIM_Buck_Boost\Drivers\STM32G4xx_HAL_Driver\Inc;12611;1768655631.8648179;1768730753
C:\myGit\STM32_Projects\B-G474E-DPOW1\HRTIM_Buck_Boost\Drivers\STM32G4xx_HAL_Driver\Inc\stm32g4xx_hal_exti.h;stm32g4xx_hal_exti.h;.h;C:\myGit\STM32_Projects\B-G474E-DPOW1\HRTIM_Buck_Boost\Drivers\STM32G4xx_HAL_Driver\Inc;12666;1768655631.8648179;1768730753
C:\myGit\STM32_Projects\B-G474E-DPOW1\HRTIM_Buck_Boost\Drivers\STM32G4xx_HAL_Driver\Inc\stm32g4xx_hal_flash.h;stm32g4xx_hal_flash.h;.h;C:\myGit\STM32_Projects\B-G474E-DPOW1\HRTIM_Buck_Boost\Drivers\STM32G4xx_HAL_Driver\Inc;47707;1768655631.8648179;1768730753
C:\myGit\STM32_Projects\B-G474E-DPOW1\HRTIM_Buck_Boost\Drivers\STM32G4xx_HAL_Driver\Inc\stm32g4xx_hal_flash_ex.h;stm32g4xx_hal_flash_ex.h;.h;C:\myGit\STM32_Projects\B-G474E-DPOW1\HRTIM_Buck_Boost\Drivers\STM32G4xx_HAL_Driver\Inc;2496;1768655631.8648179;1768730753
C:\myGit\STM32_Projects\B-G474E-DPOW1\HRTIM_Buck_Boost\Drivers\STM32G4xx_HAL_Driver\Inc\stm32g4xx_hal_flash_ramfunc.h;stm32g4xx_hal_flash_ramfunc.h;.h;C:\myGit\STM32_Projects\B-G474E-DPOW1\HRTIM_Buck_Boost\Drivers\STM32G4xx_HAL_Driver\Inc;1991;1768655631.866714;1768730753
C:\myGit\STM32_Projects\B-G474E-DPOW1\HRTIM_Buck_Boost\Drivers\STM32G4xx_HAL_Driver\Inc\stm32g4xx_hal_gpio.h;stm32g4xx_hal_gpio.h;.h;C:\myGit\STM32_Projects\B-G474E-DPOW1\HRTIM_Buck_Boost\Drivers\STM32G4xx_HAL_Driver\Inc;14265;1768655631.866714;1768730753
C:\myGit\STM32_Projects\B-G474E-DPOW1\HRTIM_Buck_Boost\Drivers\STM32G4xx_HAL_Driver\Inc\stm32g4xx_hal_gpio_ex.h;stm32g4xx_hal_gpio_ex.h;.h;C:\myGit\STM32_Projects\B-G474E-DPOW1\HRTIM_Buck_Boost\Drivers\STM32G4xx_HAL_Driver\Inc;15765;1768655631.866714;1768730753
C:\myGit\STM32_Projects\B-G474E-DPOW1\HRTIM_Buck_Boost\Drivers\STM32G4xx_HAL_Driver\Inc\stm32g4xx_hal_hrtim.h;stm32g4xx_hal_hrtim.h;.h;C:\myGit\STM32_Projects\B-G474E-DPOW1\HRTIM_Buck_Boost\Drivers\STM32G4xx_HAL_Driver\Inc;332589;1768655631.868718;1768730753
C:\myGit\STM32_Projects\B-G474E-DPOW1\HRTIM_Buck_Boost\Drivers\STM32G4xx_HAL_Driver\Inc\stm32g4xx_hal_pwr.h;stm32g4xx_hal_pwr.h;.h;C:\myGit\STM32_Projects\B-G474E-DPOW1\HRTIM_Buck_Boost\Drivers\STM32G4xx_HAL_Driver\Inc;15529;1768655631.868718;1768730753
C:\myGit\STM32_Projects\B-G474E-DPOW1\HRTIM_Buck_Boost\Drivers\STM32G4xx_HAL_Driver\Inc\stm32g4xx_hal_pwr_ex.h;stm32g4xx_hal_pwr_ex.h;.h;C:\myGit\STM32_Projects\B-G474E-DPOW1\HRTIM_Buck_Boost\Drivers\STM32G4xx_HAL_Driver\Inc;31517;1768655631.868718;1768730753
C:\myGit\STM32_Projects\B-G474E-DPOW1\HRTIM_Buck_Boost\Drivers\STM32G4xx_HAL_Driver\Inc\stm32g4xx_hal_rcc.h;stm32g4xx_hal_rcc.h;.h;C:\myGit\STM32_Projects\B-G474E-DPOW1\HRTIM_Buck_Boost\Drivers\STM32G4xx_HAL_Driver\Inc;169956;1768655631.868718;1768730753
C:\myGit\STM32_Projects\B-G474E-DPOW1\HRTIM_Buck_Boost\Drivers\STM32G4xx_HAL_Driver\Inc\stm32g4xx_hal_rcc_ex.h;stm32g4xx_hal_rcc_ex.h;.h;C:\myGit\STM32_Projects\B-G474E-DPOW1\HRTIM_Buck_Boost\Drivers\STM32G4xx_HAL_Driver\Inc;77070;1768655631.868718;1768730753
C:\myGit\STM32_Projects\B-G474E-DPOW1\HRTIM_Buck_Boost\Drivers\STM32G4xx_HAL_Driver\Inc\stm32g4xx_hal_uart.h;stm32g4xx_hal_uart.h;.h;C:\myGit\STM32_Projects\B-G474E-DPOW1\HRTIM_Buck_Boost\Drivers\STM32G4xx_HAL_Driver\Inc;92106;1768655631.868718;1768730753
C:\myGit\STM32_Projects\B-G474E-DPOW1\HRTIM_Buck_Boost\Drivers\STM32G4xx_HAL_Driver\Inc\stm32g4xx_hal_uart_ex.h;stm32g4xx_hal_uart_ex.h;.h;C:\myGit\STM32_Projects\B-G474E-DPOW1\HRTIM_Buck_Boost\Drivers\STM32G4xx_HAL_Driver\Inc;53053;1768655631.868718;1768730753
C:\myGit\STM32_Projects\B-G474E-DPOW1\HRTIM_Buck_Boost\Drivers\STM32G4xx_HAL_Driver\Inc\stm32g4xx_ll_adc.h;stm32g4xx_ll_adc.h;.h;C:\myGit\STM32_Projects\B-G474E-DPOW1\HRTIM_Buck_Boost\Drivers\STM32G4xx_HAL_Driver\Inc;539307;1768655631.868718;1768730753
C:\myGit\STM32_Projects\B-G474E-DPOW1\HRTIM_Buck_Boost\Drivers\STM32G4xx_HAL_Driver\Inc\stm32g4xx_ll_bus.h;stm32g4xx_ll_bus.h;.h;C:\myGit\STM32_Projects\B-G474E-DPOW1\HRTIM_Buck_Boost\Drivers\STM32G4xx_HAL_Driver\Inc;76433;1768655631.868718;1768730753
C:\myGit\STM32_Projects\B-G474E-DPOW1\HRTIM_Buck_Boost\Drivers\STM32G4xx_HAL_Driver\Inc\stm32g4xx_ll_cortex.h;stm32g4xx_ll_cortex.h;.h;C:\myGit\STM32_Projects\B-G474E-DPOW1\HRTIM_Buck_Boost\Drivers\STM32G4xx_HAL_Driver\Inc;24810;1768655631.868718;1768730753
C:\myGit\STM32_Projects\B-G474E-DPOW1\HRTIM_Buck_Boost\Drivers\STM32G4xx_HAL_Driver\Inc\stm32g4xx_ll_crs.h;stm32g4xx_ll_crs.h;.h;C:\myGit\STM32_Projects\B-G474E-DPOW1\HRTIM_Buck_Boost\Drivers\STM32G4xx_HAL_Driver\Inc;25051;1768655631.868718;1768730753
C:\myGit\STM32_Projects\B-G474E-DPOW1\HRTIM_Buck_Boost\Drivers\STM32G4xx_HAL_Driver\Inc\stm32g4xx_ll_dma.h;stm32g4xx_ll_dma.h;.h;C:\myGit\STM32_Projects\B-G474E-DPOW1\HRTIM_Buck_Boost\Drivers\STM32G4xx_HAL_Driver\Inc;107301;1768655631.868718;1768730753
C:\myGit\STM32_Projects\B-G474E-DPOW1\HRTIM_Buck_Boost\Drivers\STM32G4xx_HAL_Driver\Inc\stm32g4xx_ll_dmamux.h;stm32g4xx_ll_dmamux.h;.h;C:\myGit\STM32_Projects\B-G474E-DPOW1\HRTIM_Buck_Boost\Drivers\STM32G4xx_HAL_Driver\Inc;96197;1768655631.868718;1768730753
C:\myGit\STM32_Projects\B-G474E-DPOW1\HRTIM_Buck_Boost\Drivers\STM32G4xx_HAL_Driver\Inc\stm32g4xx_ll_exti.h;stm32g4xx_ll_exti.h;.h;C:\myGit\STM32_Projects\B-G474E-DPOW1\HRTIM_Buck_Boost\Drivers\STM32G4xx_HAL_Driver\Inc;55732;1768655631.868718;1768730753
C:\myGit\STM32_Projects\B-G474E-DPOW1\HRTIM_Buck_Boost\Drivers\STM32G4xx_HAL_Driver\Inc\stm32g4xx_ll_gpio.h;stm32g4xx_ll_gpio.h;.h;C:\myGit\STM32_Projects\B-G474E-DPOW1\HRTIM_Buck_Boost\Drivers\STM32G4xx_HAL_Driver\Inc;38956;1768655631.868718;1768730753
C:\myGit\STM32_Projects\B-G474E-DPOW1\HRTIM_Buck_Boost\Drivers\STM32G4xx_HAL_Driver\Inc\stm32g4xx_ll_hrtim.h;stm32g4xx_ll_hrtim.h;.h;C:\myGit\STM32_Projects\B-G474E-DPOW1\HRTIM_Buck_Boost\Drivers\STM32G4xx_HAL_Driver\Inc;733955;1768655631.8785362;1768730753
C:\myGit\STM32_Projects\B-G474E-DPOW1\HRTIM_Buck_Boost\Drivers\STM32G4xx_HAL_Driver\Inc\stm32g4xx_ll_lpuart.h;stm32g4xx_ll_lpuart.h;.h;C:\myGit\STM32_Projects\B-G474E-DPOW1\HRTIM_Buck_Boost\Drivers\STM32G4xx_HAL_Driver\Inc;98628;1768655631.8785362;1768730753
C:\myGit\STM32_Projects\B-G474E-DPOW1\HRTIM_Buck_Boost\Drivers\STM32G4xx_HAL_Driver\Inc\stm32g4xx_ll_pwr.h;stm32g4xx_ll_pwr.h;.h;C:\myGit\STM32_Projects\B-G474E-DPOW1\HRTIM_Buck_Boost\Drivers\STM32G4xx_HAL_Driver\Inc;52584;1768655631.8785362;1768730753
C:\myGit\STM32_Projects\B-G474E-DPOW1\HRTIM_Buck_Boost\Drivers\STM32G4xx_HAL_Driver\Inc\stm32g4xx_ll_rcc.h;stm32g4xx_ll_rcc.h;.h;C:\myGit\STM32_Projects\B-G474E-DPOW1\HRTIM_Buck_Boost\Drivers\STM32G4xx_HAL_Driver\Inc;116539;1768655631.8805432;1768730753
C:\myGit\STM32_Projects\B-G474E-DPOW1\HRTIM_Buck_Boost\Drivers\STM32G4xx_HAL_Driver\Inc\stm32g4xx_ll_system.h;stm32g4xx_ll_system.h;.h;C:\myGit\STM32_Projects\B-G474E-DPOW1\HRTIM_Buck_Boost\Drivers\STM32G4xx_HAL_Driver\Inc;60767;1768655631.8805432;1768730753
C:\myGit\STM32_Projects\B-G474E-DPOW1\HRTIM_Buck_Boost\Drivers\STM32G4xx_HAL_Driver\Inc\stm32g4xx_ll_usart.h;stm32g4xx_ll_usart.h;.h;C:\myGit\STM32_Projects\B-G474E-DPOW1\HRTIM_Buck_Boost\Drivers\STM32G4xx_HAL_Driver\Inc;179462;1768655631.8805432;1768730753
C:\myGit\STM32_Projects\B-G474E-DPOW1\HRTIM_Buck_Boost\Drivers\STM32G4xx_HAL_Driver\Inc\stm32g4xx_ll_utils.h;stm32g4xx_ll_utils.h;.h;C:\myGit\STM32_Projects\B-G474E-DPOW1\HRTIM_Buck_Boost\Drivers\STM32G4xx_HAL_Driver\Inc;12449;1768655631.8805432;1768730753
C:\myGit\STM32_Projects\B-G474E-DPOW1\HRTIM_Buck_Boost\Drivers\STM32G4xx_HAL_Driver\LICENSE.txt;LICENSE.txt;.txt;C:\myGit\STM32_Projects\B-G474E-DPOW1\HRTIM_Buck_Boost\Drivers\STM32G4xx_HAL_Driver;383;1768655631.8805432;1768730753
C:\myGit\STM32_Projects\B-G474E-DPOW1\HRTIM_Buck_Boost\Drivers\STM32G4xx_HAL_Driver\Src\stm32g4xx_hal.c;stm32g4xx_hal.c;.c;C:\myGit\STM32_Projects\B-G474E-DPOW1\HRTIM_Buck_Boost\Drivers\STM32G4xx_HAL_Driver\Src;24693;1768655631.8805432;1768730753
C:\myGit\STM32_Projects\B-G474E-DPOW1\HRTIM_Buck_Boost\Drivers\STM32G4xx_HAL_Driver\Src\stm32g4xx_hal_adc.c;stm32g4xx_hal_adc.c;.c;C:\myGit\STM32_Projects\B-G474E-DPOW1\HRTIM_Buck_Boost\Drivers\STM32G4xx_HAL_Driver\Src;151756;1768655631.8805432;1768730753
C:\myGit\STM32_Projects\B-G474E-DPOW1\HRTIM_Buck_Boost\Drivers\STM32G4xx_HAL_Driver\Src\stm32g4xx_hal_adc_ex.c;stm32g4xx_hal_adc_ex.c;.c;C:\myGit\STM32_Projects\B-G474E-DPOW1\HRTIM_Buck_Boost\Drivers\STM32G4xx_HAL_Driver\Src;96493;1768655631.8805432;1768730753
C:\myGit\STM32_Projects\B-G474E-DPOW1\HRTIM_Buck_Boost\Drivers\STM32G4xx_HAL_Driver\Src\stm32g4xx_hal_cortex.c;stm32g4xx_hal_cortex.c;.c;C:\myGit\STM32_Projects\B-G474E-DPOW1\HRTIM_Buck_Boost\Drivers\STM32G4xx_HAL_Driver\Src;21708;1768655631.8805432;1768730753
C:\myGit\STM32_Projects\B-G474E-DPOW1\HRTIM_Buck_Boost\Drivers\STM32G4xx_HAL_Driver\Src\stm32g4xx_hal_dma.c;stm32g4xx_hal_dma.c;.c;C:\myGit\STM32_Projects\B-G474E-DPOW1\HRTIM_Buck_Boost\Drivers\STM32G4xx_HAL_Driver\Src;36178;1768655631.8805432;1768730753
C:\myGit\STM32_Projects\B-G474E-DPOW1\HRTIM_Buck_Boost\Drivers\STM32G4xx_HAL_Driver\Src\stm32g4xx_hal_dma_ex.c;stm32g4xx_hal_dma_ex.c;.c;C:\myGit\STM32_Projects\B-G474E-DPOW1\HRTIM_Buck_Boost\Drivers\STM32G4xx_HAL_Driver\Src;10663;1768655631.8805432;1768730753
C:\myGit\STM32_Projects\B-G474E-DPOW1\HRTIM_Buck_Boost\Drivers\STM32G4xx_HAL_Driver\Src\stm32g4xx_hal_exti.c;stm32g4xx_hal_exti.c;.c;C:\myGit\STM32_Projects\B-G474E-DPOW1\HRTIM_Buck_Boost\Drivers\STM32G4xx_HAL_Driver\Src;18086;1768655631.8805432;1768730753
C:\myGit\STM32_Projects\B-G474E-DPOW1\HRTIM_Buck_Boost\Drivers\STM32G4xx_HAL_Driver\Src\stm32g4xx_hal_flash.c;stm32g4xx_hal_flash.c;.c;C:\myGit\STM32_Projects\B-G474E-DPOW1\HRTIM_Buck_Boost\Drivers\STM32G4xx_HAL_Driver\Src;24802;1768655631.8805432;1768730753
C:\myGit\STM32_Projects\B-G474E-DPOW1\HRTIM_Buck_Boost\Drivers\STM32G4xx_HAL_Driver\Src\stm32g4xx_hal_flash_ex.c;stm32g4xx_hal_flash_ex.c;.c;C:\myGit\STM32_Projects\B-G474E-DPOW1\HRTIM_Buck_Boost\Drivers\STM32G4xx_HAL_Driver\Src;50397;1768655631.8805432;1768730753
C:\myGit\STM32_Projects\B-G474E-DPOW1\HRTIM_Buck_Boost\Drivers\STM32G4xx_HAL_Driver\Src\stm32g4xx_hal_flash_ramfunc.c;stm32g4xx_hal_flash_ramfunc.c;.c;C:\myGit\STM32_Projects\B-G474E-DPOW1\HRTIM_Buck_Boost\Drivers\STM32G4xx_HAL_Driver\Src;8190;1768655631.8805432;1768730753
C:\myGit\STM32_Projects\B-G474E-DPOW1\HRTIM_Buck_Boost\Drivers\STM32G4xx_HAL_Driver\Src\stm32g4xx_hal_gpio.c;stm32g4xx_hal_gpio.c;.c;C:\myGit\STM32_Projects\B-G474E-DPOW1\HRTIM_Buck_Boost\Drivers\STM32G4xx_HAL_Driver\Src;18911;1768655631.8805432;1768730753
C:\myGit\STM32_Projects\B-G474E-DPOW1\HRTIM_Buck_Boost\Drivers\STM32G4xx_HAL_Driver\Src\stm32g4xx_hal_hrtim.c;stm32g4xx_hal_hrtim.c;.c;C:\myGit\STM32_Projects\B-G474E-DPOW1\HRTIM_Buck_Boost\Drivers\STM32G4xx_HAL_Driver\Src;401197;1768655631.8805432;1768730753
C:\myGit\STM32_Projects\B-G474E-DPOW1\HRTIM_Buck_Boost\Drivers\STM32G4xx_HAL_Driver\Src\stm32g4xx_hal_pwr.c;stm32g4xx_hal_pwr.c;.c;C:\myGit\STM32_Projects\B-G474E-DPOW1\HRTIM_Buck_Boost\Drivers\STM32G4xx_HAL_Driver\Src;25115;1768655631.8805432;1768730753
C:\myGit\STM32_Projects\B-G474E-DPOW1\HRTIM_Buck_Boost\Drivers\STM32G4xx_HAL_Driver\Src\stm32g4xx_hal_pwr_ex.c;stm32g4xx_hal_pwr_ex.c;.c;C:\myGit\STM32_Projects\B-G474E-DPOW1\HRTIM_Buck_Boost\Drivers\STM32G4xx_HAL_Driver\Src;39341;1768655631.8805432;1768730753
C:\myGit\STM32_Projects\B-G474E-DPOW1\HRTIM_Buck_Boost\Drivers\STM32G4xx_HAL_Driver\Src\stm32g4xx_hal_rcc.c;stm32g4xx_hal_rcc.c;.c;C:\myGit\STM32_Projects\B-G474E-DPOW1\HRTIM_Buck_Boost\Drivers\STM32G4xx_HAL_Driver\Src;52506;1768655631.8805432;1768730753
C:\myGit\STM32_Projects\B-G474E-DPOW1\HRTIM_Buck_Boost\Drivers\STM32G4xx_HAL_Driver\Src\stm32g4xx_hal_rcc_ex.c;stm32g4xx_hal_rcc_ex.c;.c;C:\myGit\STM32_Projects\B-G474E-DPOW1\HRTIM_Buck_Boost\Drivers\STM32G4xx_HAL_Driver\Src;65821;1768655631.8805432;1768730753
C:\myGit\STM32_Projects\B-G474E-DPOW1\HRTIM_Buck_Boost\Drivers\STM32G4xx_HAL_Driver\Src\stm32g4xx_hal_uart.c;stm32g4xx_hal_uart.c;.c;C:\myGit\STM32_Projects\B-G474E-DPOW1\HRTIM_Buck_Boost\Drivers\STM32G4xx_HAL_Driver\Src;164538;1768655631.8805432;1768730753
C:\myGit\STM32_Projects\B-G474E-DPOW1\HRTIM_Buck_Boost\Drivers\STM32G4xx_HAL_Driver\Src\stm32g4xx_hal_uart_ex.c;stm32g4xx_hal_uart_ex.c;.c;C:\myGit\STM32_Projects\B-G474E-DPOW1\HRTIM_Buck_Boost\Drivers\STM32G4xx_HAL_Driver\Src;37575;1768655631.8805432;1768730753
C:\myGit\STM32_Projects\B-G474E-DPOW1\HRTIM_Buck_Boost\Drivers\STM32G4xx_HAL_Driver\Src\stm32g4xx_ll_adc.c;stm32g4xx_ll_adc.c;.c;C:\myGit\STM32_Projects\B-G474E-DPOW1\HRTIM_Buck_Boost\Drivers\STM32G4xx_HAL_Driver\Src;77411;1768655631.8805432;1768730753
C:\myGit\STM32_Projects\B-G474E-DPOW1\HRTIM_Buck_Boost\HRTIM_Buck_Boost.ioc;HRTIM_Buck_Boost.ioc;.ioc;C:\myGit\STM32_Projects\B-G474E-DPOW1\HRTIM_Buck_Boost;26306;1768655631.8805432;1768730753
C:\myGit\STM32_Projects\B-G474E-DPOW1\HRTIM_Buck_Boost\Inc\b_g474e_dpow1_conf.h;b_g474e_dpow1_conf.h;.h;C:\myGit\STM32_Projects\B-G474E-DPOW1\HRTIM_Buck_Boost\Inc;1935;1768655631.8805432;1768730753
C:\myGit\STM32_Projects\B-G474E-DPOW1\HRTIM_Buck_Boost\Inc\main.h;main.h;.h;C:\myGit\STM32_Projects\B-G474E-DPOW1\HRTIM_Buck_Boost\Inc;2686;1768655631.8805432;1768730753
C:\myGit\STM32_Projects\B-G474E-DPOW1\HRTIM_Buck_Boost\Inc\stm32g4xx_hal_conf.h;stm32g4xx_hal_conf.h;.h;C:\myGit\STM32_Projects\B-G474E-DPOW1\HRTIM_Buck_Boost\Inc;13317;1768655631.8805432;1768730753
C:\myGit\STM32_Projects\B-G474E-DPOW1\HRTIM_Buck_Boost\Inc\stm32g4xx_it.h;stm32g4xx_it.h;.h;C:\myGit\STM32_Projects\B-G474E-DPOW1\HRTIM_Buck_Boost\Inc;1960;1768655631.8805432;1768730753
C:\myGit\STM32_Projects\B-G474E-DPOW1\HRTIM_Buck_Boost\logs\file_index_gui.log;file_index_gui.log;.log;C:\myGit\STM32_Projects\B-G474E-DPOW1\HRTIM_Buck_Boost\logs;0;1768730753.4937677;1768730753
C:\myGit\STM32_Projects\B-G474E-DPOW1\HRTIM_Buck_Boost\metrology_index.sqlite;metrology_index.sqlite;.sqlite;C:\myGit\STM32_Projects\B-G474E-DPOW1\HRTIM_Buck_Boost;24576;1768730753.5043175;1768730753
C:\myGit\STM32_Projects\B-G474E-DPOW1\HRTIM_Buck_Boost\metrology_index.sqlite-shm;metrology_index.sqlite-shm;.sqlite-shm;C:\myGit\STM32_Projects\B-G474E-DPOW1\HRTIM_Buck_Boost;32768;1768730753.5073233;1768730753
C:\myGit\STM32_Projects\B-G474E-DPOW1\HRTIM_Buck_Boost\metrology_index.sqlite-wal;metrology_index.sqlite-wal;.sqlite-wal;C:\myGit\STM32_Projects\B-G474E-DPOW1\HRTIM_Buck_Boost;0;1768730753.5063236;1768730753
C:\myGit\STM32_Projects\B-G474E-DPOW1\HRTIM_Buck_Boost\mx.scratch;mx.scratch;.scratch;C:\myGit\STM32_Projects\B-G474E-DPOW1\HRTIM_Buck_Boost;11005;1768655631.8990836;1768730753
C:\myGit\STM32_Projects\B-G474E-DPOW1\HRTIM_Buck_Boost\readme.txt;readme.txt;.txt;C:\myGit\STM32_Projects\B-G474E-DPOW1\HRTIM_Buck_Boost;4300;1768655631.8990836;1768730753
C:\myGit\STM32_Projects\B-G474E-DPOW1\HRTIM_Buck_Boost\Src\main.c;main.c;.c;C:\myGit\STM32_Projects\B-G474E-DPOW1\HRTIM_Buck_Boost\Src;19555;1768655631.8990836;1768730753
C:\myGit\STM32_Projects\B-G474E-DPOW1\HRTIM_Buck_Boost\Src\stm32g4xx_hal_msp.c;stm32g4xx_hal_msp.c;.c;C:\myGit\STM32_Projects\B-G474E-DPOW1\HRTIM_Buck_Boost\Src;9294;1768655631.8990836;1768730753
C:\myGit\STM32_Projects\B-G474E-DPOW1\HRTIM_Buck_Boost\Src\stm32g4xx_it.c;stm32g4xx_it.c;.c;C:\myGit\STM32_Projects\B-G474E-DPOW1\HRTIM_Buck_Boost\Src;7763;1768655631.8990836;1768730753
C:\myGit\STM32_Projects\B-G474E-DPOW1\HRTIM_Buck_Boost\Src\system_stm32g4xx.c;system_stm32g4xx.c;.c;C:\myGit\STM32_Projects\B-G474E-DPOW1\HRTIM_Buck_Boost\Src;9813;1768655631.8990836;1768730753
C:\myGit\STM32_Projects\B-G474E-DPOW1\HRTIM_Buck_Boost\STM32CubeIDE\.cproject;.cproject;;C:\myGit\STM32_Projects\B-G474E-DPOW1\HRTIM_Buck_Boost\STM32CubeIDE;26401;1768653394.7590153;1768730753
C:\myGit\STM32_Projects\B-G474E-DPOW1\HRTIM_Buck_Boost\STM32CubeIDE\.project;.project;;C:\myGit\STM32_Projects\B-G474E-DPOW1\HRTIM_Buck_Boost\STM32CubeIDE;6873;1768646951.5383146;1768730753
C:\myGit\STM32_Projects\B-G474E-DPOW1\HRTIM_Buck_Boost\STM32CubeIDE\.settings\language.settings.xml;language.settings.xml;.xml;C:\myGit\STM32_Projects\B-G474E-DPOW1\HRTIM_Buck_Boost\STM32CubeIDE\.settings;2174;1768728116.6681466;1768730753
C:\myGit\STM32_Projects\B-G474E-DPOW1\HRTIM_Buck_Boost\STM32CubeIDE\.settings\org.eclipse.cdt.core.prefs;org.eclipse.cdt.core.prefs;.prefs;C:\myGit\STM32_Projects\B-G474E-DPOW1\HRTIM_Buck_Boost\STM32CubeIDE\.settings;232;1768653394.7110503;1768730753
C:\myGit\STM32_Projects\B-G474E-DPOW1\HRTIM_Buck_Boost\STM32CubeIDE\.settings\stm32cubeide.project.prefs;stm32cubeide.project.prefs;.prefs;C:\myGit\STM32_Projects\B-G474E-DPOW1\HRTIM_Buck_Boost\STM32CubeIDE\.settings;232;1768724371.727698;1768730753
C:\myGit\STM32_Projects\B-G474E-DPOW1\HRTIM_Buck_Boost\STM32CubeIDE\Application\Startup\startup_stm32g474retx.s;startup_stm32g474retx.s;.s;C:\myGit\STM32_Projects\B-G474E-DPOW1\HRTIM_Buck_Boost\STM32CubeIDE\Application\Startup;16127;1768655631.8964715;1768730753
C:\myGit\STM32_Projects\B-G474E-DPOW1\HRTIM_Buck_Boost\STM32CubeIDE\Application\User\app.c;app.c;.c;C:\myGit\STM32_Projects\B-G474E-DPOW1\HRTIM_Buck_Boost\STM32CubeIDE\Application\User;4933;1768725084.4603655;1768730753
C:\myGit\STM32_Projects\B-G474E-DPOW1\HRTIM_Buck_Boost\STM32CubeIDE\Application\User\app.h;app.h;.h;C:\myGit\STM32_Projects\B-G474E-DPOW1\HRTIM_Buck_Boost\STM32CubeIDE\Application\User;270;1768655631.8964715;1768730753
C:\myGit\STM32_Projects\B-G474E-DPOW1\HRTIM_Buck_Boost\STM32CubeIDE\Application\User\com_gcom.c;com_gcom.c;.c;C:\myGit\STM32_Projects\B-G474E-DPOW1\HRTIM_Buck_Boost\STM32CubeIDE\Application\User;84;1768655631.8964715;1768730753
C:\myGit\STM32_Projects\B-G474E-DPOW1\HRTIM_Buck_Boost\STM32CubeIDE\Application\User\com_gcom.h;com_gcom.h;.h;C:\myGit\STM32_Projects\B-G474E-DPOW1\HRTIM_Buck_Boost\STM32CubeIDE\Application\User;207;1768655631.8990836;1768730753
C:\myGit\STM32_Projects\B-G474E-DPOW1\HRTIM_Buck_Boost\STM32CubeIDE\Application\User\encoders.c;encoders.c;.c;C:\myGit\STM32_Projects\B-G474E-DPOW1\HRTIM_Buck_Boost\STM32CubeIDE\Application\User;84;1768655631.8990836;1768730753
C:\myGit\STM32_Projects\B-G474E-DPOW1\HRTIM_Buck_Boost\STM32CubeIDE\Application\User\encoders.h;encoders.h;.h;C:\myGit\STM32_Projects\B-G474E-DPOW1\HRTIM_Buck_Boost\STM32CubeIDE\Application\User;207;1768655631.8990836;1768730753
C:\myGit\STM32_Projects\B-G474E-DPOW1\HRTIM_Buck_Boost\STM32CubeIDE\Application\User\fault_mgr.c;fault_mgr.c;.c;C:\myGit\STM32_Projects\B-G474E-DPOW1\HRTIM_Buck_Boost\STM32CubeIDE\Application\User;85;1768655631.8990836;1768730753
C:\myGit\STM32_Projects\B-G474E-DPOW1\HRTIM_Buck_Boost\STM32CubeIDE\Application\User\fault_mgr.h;fault_mgr.h;.h;C:\myGit\STM32_Projects\B-G474E-DPOW1\HRTIM_Buck_Boost\STM32CubeIDE\Application\User;211;1768655631.8990836;1768730753
C:\myGit\STM32_Projects\B-G474E-DPOW1\HRTIM_Buck_Boost\STM32CubeIDE\Application\User\measurements.c;measurements.c;.c;C:\myGit\STM32_Projects\B-G474E-DPOW1\HRTIM_Buck_Boost\STM32CubeIDE\Application\User;1465;1768655631.8990836;1768730753
C:\myGit\STM32_Projects\B-G474E-DPOW1\HRTIM_Buck_Boost\STM32CubeIDE\Application\User\measurements.h;measurements.h;.h;C:\myGit\STM32_Projects\B-G474E-DPOW1\HRTIM_Buck_Boost\STM32CubeIDE\Application\User;425;1768655631.8990836;1768730753
C:\myGit\STM32_Projects\B-G474E-DPOW1\HRTIM_Buck_Boost\STM32CubeIDE\Application\User\motor_control.c;motor_control.c;.c;C:\myGit\STM32_Projects\B-G474E-DPOW1\HRTIM_Buck_Boost\STM32CubeIDE\Application\User;89;1768655631.8990836;1768730753
C:\myGit\STM32_Projects\B-G474E-DPOW1\HRTIM_Buck_Boost\STM32CubeIDE\Application\User\motor_control.h;motor_control.h;.h;C:\myGit\STM32_Projects\B-G474E-DPOW1\HRTIM_Buck_Boost\STM32CubeIDE\Application\User;227;1768655631.8990836;1768730753
C:\myGit\STM32_Projects\B-G474E-DPOW1\HRTIM_Buck_Boost\STM32CubeIDE\Application\User\retarget.c;retarget.c;.c;C:\myGit\STM32_Projects\B-G474E-DPOW1\HRTIM_Buck_Boost\STM32CubeIDE\Application\User;494;1768655631.8990836;1768730753
C:\myGit\STM32_Projects\B-G474E-DPOW1\HRTIM_Buck_Boost\STM32CubeIDE\Application\User\retarget.h;retarget.h;.h;C:\myGit\STM32_Projects\B-G474E-DPOW1\HRTIM_Buck_Boost\STM32CubeIDE\Application\User;201;1768655631.8990836;1768730753
C:\myGit\STM32_Projects\B-G474E-DPOW1\HRTIM_Buck_Boost\STM32CubeIDE\Application\User\syscalls.c;syscalls.c;.c;C:\myGit\STM32_Projects\B-G474E-DPOW1\HRTIM_Buck_Boost\STM32CubeIDE\Application\User;3023;1768655631.8990836;1768730753
C:\myGit\STM32_Projects\B-G474E-DPOW1\HRTIM_Buck_Boost\STM32CubeIDE\Application\User\sysmem.c;sysmem.c;.c;C:\myGit\STM32_Projects\B-G474E-DPOW1\HRTIM_Buck_Boost\STM32CubeIDE\Application\User;2805;1768655631.8990836;1768730753
C:\myGit\STM32_Projects\B-G474E-DPOW1\HRTIM_Buck_Boost\STM32CubeIDE\Application\User\usb_stream.c;usb_stream.c;.c;C:\myGit\STM32_Projects\B-G474E-DPOW1\HRTIM_Buck_Boost\STM32CubeIDE\Application\User;86;1768655631.8990836;1768730753
C:\myGit\STM32_Projects\B-G474E-DPOW1\HRTIM_Buck_Boost\STM32CubeIDE\Application\User\usb_stream.h;usb_stream.h;.h;C:\myGit\STM32_Projects\B-G474E-DPOW1\HRTIM_Buck_Boost\STM32CubeIDE\Application\User;215;1768655631.8990836;1768730753
C:\myGit\STM32_Projects\B-G474E-DPOW1\HRTIM_Buck_Boost\STM32CubeIDE\Debug\Application\Startup\startup_stm32g474retx.d;startup_stm32g474retx.d;.d;C:\myGit\STM32_Projects\B-G474E-DPOW1\HRTIM_Buck_Boost\STM32CubeIDE\Debug\Application\Startup;97;1768728138.3877206;1768730753
C:\myGit\STM32_Projects\B-G474E-DPOW1\HRTIM_Buck_Boost\STM32CubeIDE\Debug\Application\Startup\startup_stm32g474retx.o;startup_stm32g474retx.o;.o;C:\myGit\STM32_Projects\B-G474E-DPOW1\HRTIM_Buck_Boost\STM32CubeIDE\Debug\Application\Startup;8356;1768728138.4242313;1768730753
C:\myGit\STM32_Projects\B-G474E-DPOW1\HRTIM_Buck_Boost\STM32CubeIDE\Debug\Application\Startup\subdir.mk;subdir.mk;.mk;C:\myGit\STM32_Projects\B-G474E-DPOW1\HRTIM_Buck_Boost\STM32CubeIDE\Debug\Application\Startup;1071;1768646009.0991192;1768730753
C:\myGit\STM32_Projects\B-G474E-DPOW1\HRTIM_Buck_Boost\STM32CubeIDE\Debug\Application\User\app.cyclo;app.cyclo;.cyclo;C:\myGit\STM32_Projects\B-G474E-DPOW1\HRTIM_Buck_Boost\STM32CubeIDE\Debug\Application\User;885;1768728138.29388;1768730753
C:\myGit\STM32_Projects\B-G474E-DPOW1\HRTIM_Buck_Boost\STM32CubeIDE\Debug\Application\User\app.d;app.d;.d;C:\myGit\STM32_Projects\B-G474E-DPOW1\HRTIM_Buck_Boost\STM32CubeIDE\Debug\Application\User;4737;1768728138.2948802;1768730753
C:\myGit\STM32_Projects\B-G474E-DPOW1\HRTIM_Buck_Boost\STM32CubeIDE\Debug\Application\User\app.o;app.o;.o;C:\myGit\STM32_Projects\B-G474E-DPOW1\HRTIM_Buck_Boost\STM32CubeIDE\Debug\Application\User;1637720;1768728138.3757212;1768730753
C:\myGit\STM32_Projects\B-G474E-DPOW1\HRTIM_Buck_Boost\STM32CubeIDE\Debug\Application\User\app.su;app.su;.su;C:\myGit\STM32_Projects\B-G474E-DPOW1\HRTIM_Buck_Boost\STM32CubeIDE\Debug\Application\User;994;1768728138.29388;1768730753
C:\myGit\STM32_Projects\B-G474E-DPOW1\HRTIM_Buck_Boost\STM32CubeIDE\Debug\Application\User\com_gcom.cyclo;com_gcom.cyclo;.cyclo;C:\myGit\STM32_Projects\B-G474E-DPOW1\HRTIM_Buck_Boost\STM32CubeIDE\Debug\Application\User;0;1768728138.1264887;1768730753
C:\myGit\STM32_Projects\B-G474E-DPOW1\HRTIM_Buck_Boost\STM32CubeIDE\Debug\Application\User\com_gcom.d;com_gcom.d;.d;C:\myGit\STM32_Projects\B-G474E-DPOW1\HRTIM_Buck_Boost\STM32CubeIDE\Debug\Application\User;61;1768728138.1324875;1768730753
C:\myGit\STM32_Projects\B-G474E-DPOW1\HRTIM_Buck_Boost\STM32CubeIDE\Debug\Application\User\com_gcom.o;com_gcom.o;.o;C:\myGit\STM32_Projects\B-G474E-DPOW1\HRTIM_Buck_Boost\STM32CubeIDE\Debug\Application\User;20120;1768728138.1944876;1768730753
C:\myGit\STM32_Projects\B-G474E-DPOW1\HRTIM_Buck_Boost\STM32CubeIDE\Debug\Application\User\com_gcom.su;com_gcom.su;.su;C:\myGit\STM32_Projects\B-G474E-DPOW1\HRTIM_Buck_Boost\STM32CubeIDE\Debug\Application\User;0;1768728138.1264887;1768730753
C:\myGit\STM32_Projects\B-G474E-DPOW1\HRTIM_Buck_Boost\STM32CubeIDE\Debug\Application\User\encoders.cyclo;encoders.cyclo;.cyclo;C:\myGit\STM32_Projects\B-G474E-DPOW1\HRTIM_Buck_Boost\STM32CubeIDE\Debug\Application\User;0;1768728138.160579;1768730753
C:\myGit\STM32_Projects\B-G474E-DPOW1\HRTIM_Buck_Boost\STM32CubeIDE\Debug\Application\User\encoders.d;encoders.d;.d;C:\myGit\STM32_Projects\B-G474E-DPOW1\HRTIM_Buck_Boost\STM32CubeIDE\Debug\Application\User;61;1768728138.163578;1768730753
C:\myGit\STM32_Projects\B-G474E-DPOW1\HRTIM_Buck_Boost\STM32CubeIDE\Debug\Application\User\encoders.o;encoders.o;.o;C:\myGit\STM32_Projects\B-G474E-DPOW1\HRTIM_Buck_Boost\STM32CubeIDE\Debug\Application\User;20120;1768728138.24488;1768730753
C:\myGit\STM32_Projects\B-G474E-DPOW1\HRTIM_Buck_Boost\STM32CubeIDE\Debug\Application\User\encoders.su;encoders.su;.su;C:\myGit\STM32_Projects\B-G474E-DPOW1\HRTIM_Buck_Boost\STM32CubeIDE\Debug\Application\User;0;1768728138.160579;1768730753
C:\myGit\STM32_Projects\B-G474E-DPOW1\HRTIM_Buck_Boost\STM32CubeIDE\Debug\Application\User\fault_mgr.cyclo;fault_mgr.cyclo;.cyclo;C:\myGit\STM32_Projects\B-G474E-DPOW1\HRTIM_Buck_Boost\STM32CubeIDE\Debug\Application\User;0;1768728138.1804817;1768730753
C:\myGit\STM32_Projects\B-G474E-DPOW1\HRTIM_Buck_Boost\STM32CubeIDE\Debug\Application\User\fault_mgr.d;fault_mgr.d;.d;C:\myGit\STM32_Projects\B-G474E-DPOW1\HRTIM_Buck_Boost\STM32CubeIDE\Debug\Application\User;63;1768728138.1834815;1768730753
C:\myGit\STM32_Projects\B-G474E-DPOW1\HRTIM_Buck_Boost\STM32CubeIDE\Debug\Application\User\fault_mgr.o;fault_mgr.o;.o;C:\myGit\STM32_Projects\B-G474E-DPOW1\HRTIM_Buck_Boost\STM32CubeIDE\Debug\Application\User;20124;1768728138.249878;1768730753
C:\myGit\STM32_Projects\B-G474E-DPOW1\HRTIM_Buck_Boost\STM32CubeIDE\Debug\Application\User\fault_mgr.su;fault_mgr.su;.su;C:\myGit\STM32_Projects\B-G474E-DPOW1\HRTIM_Buck_Boost\STM32CubeIDE\Debug\Application\User;0;1768728138.1804817;1768730753
C:\myGit\STM32_Projects\B-G474E-DPOW1\HRTIM_Buck_Boost\STM32CubeIDE\Debug\Application\User\main.cyclo;main.cyclo;.cyclo;C:\myGit\STM32_Projects\B-G474E-DPOW1\HRTIM_Buck_Boost\STM32CubeIDE\Debug\Application\User;628;1768728138.353991;1768730753
C:\myGit\STM32_Projects\B-G474E-DPOW1\HRTIM_Buck_Boost\STM32CubeIDE\Debug\Application\User\main.d;main.d;.d;C:\myGit\STM32_Projects\B-G474E-DPOW1\HRTIM_Buck_Boost\STM32CubeIDE\Debug\Application\User;5034;1768728138.353991;1768730753
C:\myGit\STM32_Projects\B-G474E-DPOW1\HRTIM_Buck_Boost\STM32CubeIDE\Debug\Application\User\main.o;main.o;.o;C:\myGit\STM32_Projects\B-G474E-DPOW1\HRTIM_Buck_Boost\STM32CubeIDE\Debug\Application\User;1624388;1768728138.438929;1768730753
C:\myGit\STM32_Projects\B-G474E-DPOW1\HRTIM_Buck_Boost\STM32CubeIDE\Debug\Application\User\main.su;main.su;.su;C:\myGit\STM32_Projects\B-G474E-DPOW1\HRTIM_Buck_Boost\STM32CubeIDE\Debug\Application\User;682;1768728138.353991;1768730753
C:\myGit\STM32_Projects\B-G474E-DPOW1\HRTIM_Buck_Boost\STM32CubeIDE\Debug\Application\User\measurements.cyclo;measurements.cyclo;.cyclo;C:\myGit\STM32_Projects\B-G474E-DPOW1\HRTIM_Buck_Boost\STM32CubeIDE\Debug\Application\User;114;1768728138.3727205;1768730753
C:\myGit\STM32_Projects\B-G474E-DPOW1\HRTIM_Buck_Boost\STM32CubeIDE\Debug\Application\User\measurements.d;measurements.d;.d;C:\myGit\STM32_Projects\B-G474E-DPOW1\HRTIM_Buck_Boost\STM32CubeIDE\Debug\Application\User;3875;1768728138.3727205;1768730753
C:\myGit\STM32_Projects\B-G474E-DPOW1\HRTIM_Buck_Boost\STM32CubeIDE\Debug\Application\User\measurements.o;measurements.o;.o;C:\myGit\STM32_Projects\B-G474E-DPOW1\HRTIM_Buck_Boost\STM32CubeIDE\Debug\Application\User;1519516;1768728138.4489305;1768730753
C:\myGit\STM32_Projects\B-G474E-DPOW1\HRTIM_Buck_Boost\STM32CubeIDE\Debug\Application\User\measurements.su;measurements.su;.su;C:\myGit\STM32_Projects\B-G474E-DPOW1\HRTIM_Buck_Boost\STM32CubeIDE\Debug\Application\User;130;1768728138.3717213;1768730753
C:\myGit\STM32_Projects\B-G474E-DPOW1\HRTIM_Buck_Boost\STM32CubeIDE\Debug\Application\User\motor_control.cyclo;motor_control.cyclo;.cyclo;C:\myGit\STM32_Projects\B-G474E-DPOW1\HRTIM_Buck_Boost\STM32CubeIDE\Debug\Application\User;0;1768728138.2628777;1768730753
C:\myGit\STM32_Projects\B-G474E-DPOW1\HRTIM_Buck_Boost\STM32CubeIDE\Debug\Application\User\motor_control.d;motor_control.d;.d;C:\myGit\STM32_Projects\B-G474E-DPOW1\HRTIM_Buck_Boost\STM32CubeIDE\Debug\Application\User;71;1768728138.2668798;1768730753
C:\myGit\STM32_Projects\B-G474E-DPOW1\HRTIM_Buck_Boost\STM32CubeIDE\Debug\Application\User\motor_control.o;motor_control.o;.o;C:\myGit\STM32_Projects\B-G474E-DPOW1\HRTIM_Buck_Boost\STM32CubeIDE\Debug\Application\User;20136;1768728138.3058805;1768730753
C:\myGit\STM32_Projects\B-G474E-DPOW1\HRTIM_Buck_Boost\STM32CubeIDE\Debug\Application\User\motor_control.su;motor_control.su;.su;C:\myGit\STM32_Projects\B-G474E-DPOW1\HRTIM_Buck_Boost\STM32CubeIDE\Debug\Application\User;0;1768728138.2628777;1768730753
C:\myGit\STM32_Projects\B-G474E-DPOW1\HRTIM_Buck_Boost\STM32CubeIDE\Debug\Application\User\retarget.cyclo;retarget.cyclo;.cyclo;C:\myGit\STM32_Projects\B-G474E-DPOW1\HRTIM_Buck_Boost\STM32CubeIDE\Debug\Application\User;103;1768728138.4047234;1768730753
C:\myGit\STM32_Projects\B-G474E-DPOW1\HRTIM_Buck_Boost\STM32CubeIDE\Debug\Application\User\retarget.d;retarget.d;.d;C:\myGit\STM32_Projects\B-G474E-DPOW1\HRTIM_Buck_Boost\STM32CubeIDE\Debug\Application\User;3859;1768728138.4047234;1768730753
C:\myGit\STM32_Projects\B-G474E-DPOW1\HRTIM_Buck_Boost\STM32CubeIDE\Debug\Application\User\retarget.o;retarget.o;.o;C:\myGit\STM32_Projects\B-G474E-DPOW1\HRTIM_Buck_Boost\STM32CubeIDE\Debug\Application\User;1522288;1768728138.4780025;1768730753
C:\myGit\STM32_Projects\B-G474E-DPOW1\HRTIM_Buck_Boost\STM32CubeIDE\Debug\Application\User\retarget.su;retarget.su;.su;C:\myGit\STM32_Projects\B-G474E-DPOW1\HRTIM_Buck_Boost\STM32CubeIDE\Debug\Application\User;119;1768728138.4047234;1768730753
C:\myGit\STM32_Projects\B-G474E-DPOW1\HRTIM_Buck_Boost\STM32CubeIDE\Debug\Application\User\stm32g4xx_hal_msp.cyclo;stm32g4xx_hal_msp.cyclo;.cyclo;C:\myGit\STM32_Projects\B-G474E-DPOW1\HRTIM_Buck_Boost\STM32CubeIDE\Debug\Application\User;844;1768728138.4319305;1768730753
C:\myGit\STM32_Projects\B-G474E-DPOW1\HRTIM_Buck_Boost\STM32CubeIDE\Debug\Application\User\stm32g4xx_hal_msp.d;stm32g4xx_hal_msp.d;.d;C:\myGit\STM32_Projects\B-G474E-DPOW1\HRTIM_Buck_Boost\STM32CubeIDE\Debug\Application\User;4390;1768728138.4319305;1768730753
C:\myGit\STM32_Projects\B-G474E-DPOW1\HRTIM_Buck_Boost\STM32CubeIDE\Debug\Application\User\stm32g4xx_hal_msp.o;stm32g4xx_hal_msp.o;.o;C:\myGit\STM32_Projects\B-G474E-DPOW1\HRTIM_Buck_Boost\STM32CubeIDE\Debug\Application\User;1611336;1768728138.5030148;1768730753
C:\myGit\STM32_Projects\B-G474E-DPOW1\HRTIM_Buck_Boost\STM32CubeIDE\Debug\Application\User\stm32g4xx_hal_msp.su;stm32g4xx_hal_msp.su;.su;C:\myGit\STM32_Projects\B-G474E-DPOW1\HRTIM_Buck_Boost\STM32CubeIDE\Debug\Application\User;910;1768728138.4319305;1768730753
C:\myGit\STM32_Projects\B-G474E-DPOW1\HRTIM_Buck_Boost\STM32CubeIDE\Debug\Application\User\stm32g4xx_it.cyclo;stm32g4xx_it.cyclo;.cyclo;C:\myGit\STM32_Projects\B-G474E-DPOW1\HRTIM_Buck_Boost\STM32CubeIDE\Debug\Application\User;1471;1768728138.4569967;1768730753
C:\myGit\STM32_Projects\B-G474E-DPOW1\HRTIM_Buck_Boost\STM32CubeIDE\Debug\Application\User\stm32g4xx_it.d;stm32g4xx_it.d;.d;C:\myGit\STM32_Projects\B-G474E-DPOW1\HRTIM_Buck_Boost\STM32CubeIDE\Debug\Application\User;4716;1768728138.4569967;1768730753
C:\myGit\STM32_Projects\B-G474E-DPOW1\HRTIM_Buck_Boost\STM32CubeIDE\Debug\Application\User\stm32g4xx_it.o;stm32g4xx_it.o;.o;C:\myGit\STM32_Projects\B-G474E-DPOW1\HRTIM_Buck_Boost\STM32CubeIDE\Debug\Application\User;1605440;1768728138.5265217;1768730753
C:\myGit\STM32_Projects\B-G474E-DPOW1\HRTIM_Buck_Boost\STM32CubeIDE\Debug\Application\User\stm32g4xx_it.su;stm32g4xx_it.su;.su;C:\myGit\STM32_Projects\B-G474E-DPOW1\HRTIM_Buck_Boost\STM32CubeIDE\Debug\Application\User;1662;1768728138.4569967;1768730753
C:\myGit\STM32_Projects\B-G474E-DPOW1\HRTIM_Buck_Boost\STM32CubeIDE\Debug\Application\User\subdir.mk;subdir.mk;.mk;C:\myGit\STM32_Projects\B-G474E-DPOW1\HRTIM_Buck_Boost\STM32CubeIDE\Debug\Application\User;6552;1768728122.1196127;1768730753
C:\myGit\STM32_Projects\B-G474E-DPOW1\HRTIM_Buck_Boost\STM32CubeIDE\Debug\Application\User\syscalls.cyclo;syscalls.cyclo;.cyclo;C:\myGit\STM32_Projects\B-G474E-DPOW1\HRTIM_Buck_Boost\STM32CubeIDE\Debug\Application\User;856;1768728138.4242313;1768730753
C:\myGit\STM32_Projects\B-G474E-DPOW1\HRTIM_Buck_Boost\STM32CubeIDE\Debug\Application\User\syscalls.d;syscalls.d;.d;C:\myGit\STM32_Projects\B-G474E-DPOW1\HRTIM_Buck_Boost\STM32CubeIDE\Debug\Application\User;61;1768728138.4242313;1768730753
C:\myGit\STM32_Projects\B-G474E-DPOW1\HRTIM_Buck_Boost\STM32CubeIDE\Debug\Application\User\syscalls.o;syscalls.o;.o;C:\myGit\STM32_Projects\B-G474E-DPOW1\HRTIM_Buck_Boost\STM32CubeIDE\Debug\Application\User;83700;1768728138.4639974;1768730753
C:\myGit\STM32_Projects\B-G474E-DPOW1\HRTIM_Buck_Boost\STM32CubeIDE\Debug\Application\User\syscalls.su;syscalls.su;.su;C:\myGit\STM32_Projects\B-G474E-DPOW1\HRTIM_Buck_Boost\STM32CubeIDE\Debug\Application\User;997;1768728138.4242313;1768730753
C:\myGit\STM32_Projects\B-G474E-DPOW1\HRTIM_Buck_Boost\STM32CubeIDE\Debug\Application\User\sysmem.cyclo;sysmem.cyclo;.cyclo;C:\myGit\STM32_Projects\B-G474E-DPOW1\HRTIM_Buck_Boost\STM32CubeIDE\Debug\Application\User;43;1768728138.398724;1768730753
C:\myGit\STM32_Projects\B-G474E-DPOW1\HRTIM_Buck_Boost\STM32CubeIDE\Debug\Application\User\sysmem.d;sysmem.d;.d;C:\myGit\STM32_Projects\B-G474E-DPOW1\HRTIM_Buck_Boost\STM32CubeIDE\Debug\Application\User;57;1768728138.3997233;1768730753
C:\myGit\STM32_Projects\B-G474E-DPOW1\HRTIM_Buck_Boost\STM32CubeIDE\Debug\Application\User\sysmem.o;sysmem.o;.o;C:\myGit\STM32_Projects\B-G474E-DPOW1\HRTIM_Buck_Boost\STM32CubeIDE\Debug\Application\User;56152;1768728138.4399288;1768730753
C:\myGit\STM32_Projects\B-G474E-DPOW1\HRTIM_Buck_Boost\STM32CubeIDE\Debug\Application\User\sysmem.su;sysmem.su;.su;C:\myGit\STM32_Projects\B-G474E-DPOW1\HRTIM_Buck_Boost\STM32CubeIDE\Debug\Application\User;51;1768728138.398724;1768730753
C:\myGit\STM32_Projects\B-G474E-DPOW1\HRTIM_Buck_Boost\STM32CubeIDE\Debug\Application\User\usb_stream.cyclo;usb_stream.cyclo;.cyclo;C:\myGit\STM32_Projects\B-G474E-DPOW1\HRTIM_Buck_Boost\STM32CubeIDE\Debug\Application\User;0;1768728138.3767223;1768730753
C:\myGit\STM32_Projects\B-G474E-DPOW1\HRTIM_Buck_Boost\STM32CubeIDE\Debug\Application\User\usb_stream.d;usb_stream.d;.d;C:\myGit\STM32_Projects\B-G474E-DPOW1\HRTIM_Buck_Boost\STM32CubeIDE\Debug\Application\User;65;1768728138.3797226;1768730753
C:\myGit\STM32_Projects\B-G474E-DPOW1\HRTIM_Buck_Boost\STM32CubeIDE\Debug\Application\User\usb_stream.o;usb_stream.o;.o;C:\myGit\STM32_Projects\B-G474E-DPOW1\HRTIM_Buck_Boost\STM32CubeIDE\Debug\Application\User;20128;1768728138.4182298;1768730753
C:\myGit\STM32_Projects\B-G474E-DPOW1\HRTIM_Buck_Boost\STM32CubeIDE\Debug\Application\User\usb_stream.su;usb_stream.su;.su;C:\myGit\STM32_Projects\B-G474E-DPOW1\HRTIM_Buck_Boost\STM32CubeIDE\Debug\Application\User;0;1768728138.3767223;1768730753
C:\myGit\STM32_Projects\B-G474E-DPOW1\HRTIM_Buck_Boost\STM32CubeIDE\Debug\Drivers\BSP\B-G474E-DPOW1\b_g474e_dpow1.cyclo;b_g474e_dpow1.cyclo;.cyclo;C:\myGit\STM32_Projects\B-G474E-DPOW1\HRTIM_Buck_Boost\STM32CubeIDE\Debug\Drivers\BSP\B-G474E-DPOW1;2348;1768728138.1705787;1768730753
C:\myGit\STM32_Projects\B-G474E-DPOW1\HRTIM_Buck_Boost\STM32CubeIDE\Debug\Drivers\BSP\B-G474E-DPOW1\b_g474e_dpow1.d;b_g474e_dpow1.d;.d;C:\myGit\STM32_Projects\B-G474E-DPOW1\HRTIM_Buck_Boost\STM32CubeIDE\Debug\Drivers\BSP\B-G474E-DPOW1;4355;1768728138.1715777;1768730753
C:\myGit\STM32_Projects\B-G474E-DPOW1\HRTIM_Buck_Boost\STM32CubeIDE\Debug\Drivers\BSP\B-G474E-DPOW1\b_g474e_dpow1.o;b_g474e_dpow1.o;.o;C:\myGit\STM32_Projects\B-G474E-DPOW1\HRTIM_Buck_Boost\STM32CubeIDE\Debug\Drivers\BSP\B-G474E-DPOW1;1514104;1768728138.2768774;1768730753
C:\myGit\STM32_Projects\B-G474E-DPOW1\HRTIM_Buck_Boost\STM32CubeIDE\Debug\Drivers\BSP\B-G474E-DPOW1\b_g474e_dpow1.su;b_g474e_dpow1.su;.su;C:\myGit\STM32_Projects\B-G474E-DPOW1\HRTIM_Buck_Boost\STM32CubeIDE\Debug\Drivers\BSP\B-G474E-DPOW1;2491;1768728138.1705787;1768730753
C:\myGit\STM32_Projects\B-G474E-DPOW1\HRTIM_Buck_Boost\STM32CubeIDE\Debug\Drivers\BSP\B-G474E-DPOW1\subdir.mk;subdir.mk;.mk;C:\myGit\STM32_Projects\B-G474E-DPOW1\HRTIM_Buck_Boost\STM32CubeIDE\Debug\Drivers\BSP\B-G474E-DPOW1;1761;1768728122.1216142;1768730753
C:\myGit\STM32_Projects\B-G474E-DPOW1\HRTIM_Buck_Boost\STM32CubeIDE\Debug\Drivers\CMSIS\subdir.mk;subdir.mk;.mk;C:\myGit\STM32_Projects\B-G474E-DPOW1\HRTIM_Buck_Boost\STM32CubeIDE\Debug\Drivers\CMSIS;1585;1768728122.1226125;1768730753
C:\myGit\STM32_Projects\B-G474E-DPOW1\HRTIM_Buck_Boost\STM32CubeIDE\Debug\Drivers\CMSIS\system_stm32g4xx.cyclo;system_stm32g4xx.cyclo;.cyclo;C:\myGit\STM32_Projects\B-G474E-DPOW1\HRTIM_Buck_Boost\STM32CubeIDE\Debug\Drivers\CMSIS;207;1768728138.1014688;1768730753
C:\myGit\STM32_Projects\B-G474E-DPOW1\HRTIM_Buck_Boost\STM32CubeIDE\Debug\Drivers\CMSIS\system_stm32g4xx.d;system_stm32g4xx.d;.d;C:\myGit\STM32_Projects\B-G474E-DPOW1\HRTIM_Buck_Boost\STM32CubeIDE\Debug\Drivers\CMSIS;3847;1768728138.1014688;1768730753
C:\myGit\STM32_Projects\B-G474E-DPOW1\HRTIM_Buck_Boost\STM32CubeIDE\Debug\Drivers\CMSIS\system_stm32g4xx.o;system_stm32g4xx.o;.o;C:\myGit\STM32_Projects\B-G474E-DPOW1\HRTIM_Buck_Boost\STM32CubeIDE\Debug\Drivers\CMSIS;1492580;1768728138.2055414;1768730753
C:\myGit\STM32_Projects\B-G474E-DPOW1\HRTIM_Buck_Boost\STM32CubeIDE\Debug\Drivers\CMSIS\system_stm32g4xx.su;system_stm32g4xx.su;.su;C:\myGit\STM32_Projects\B-G474E-DPOW1\HRTIM_Buck_Boost\STM32CubeIDE\Debug\Drivers\CMSIS;222;1768728138.1014688;1768730753
C:\myGit\STM32_Projects\B-G474E-DPOW1\HRTIM_Buck_Boost\STM32CubeIDE\Debug\Drivers\STM32G4xx_HAL_Driver\stm32g4xx_hal.cyclo;stm32g4xx_hal.cyclo;.cyclo;C:\myGit\STM32_Projects\B-G474E-DPOW1\HRTIM_Buck_Boost\STM32CubeIDE\Debug\Drivers\STM32G4xx_HAL_Driver;5182;1768728137.6184952;1768730753
C:\myGit\STM32_Projects\B-G474E-DPOW1\HRTIM_Buck_Boost\STM32CubeIDE\Debug\Drivers\STM32G4xx_HAL_Driver\stm32g4xx_hal.d;stm32g4xx_hal.d;.d;C:\myGit\STM32_Projects\B-G474E-DPOW1\HRTIM_Buck_Boost\STM32CubeIDE\Debug\Drivers\STM32G4xx_HAL_Driver;3885;1768728137.6184952;1768730753
C:\myGit\STM32_Projects\B-G474E-DPOW1\HRTIM_Buck_Boost\STM32CubeIDE\Debug\Drivers\STM32G4xx_HAL_Driver\stm32g4xx_hal.o;stm32g4xx_hal.o;.o;C:\myGit\STM32_Projects\B-G474E-DPOW1\HRTIM_Buck_Boost\STM32CubeIDE\Debug\Drivers\STM32G4xx_HAL_Driver;1511080;1768728137.7180047;1768730753
C:\myGit\STM32_Projects\B-G474E-DPOW1\HRTIM_Buck_Boost\STM32CubeIDE\Debug\Drivers\STM32G4xx_HAL_Driver\stm32g4xx_hal.su;stm32g4xx_hal.su;.su;C:\myGit\STM32_Projects\B-G474E-DPOW1\HRTIM_Buck_Boost\STM32CubeIDE\Debug\Drivers\STM32G4xx_HAL_Driver;5457;1768728137.6184952;1768730753
C:\myGit\STM32_Projects\B-G474E-DPOW1\HRTIM_Buck_Boost\STM32CubeIDE\Debug\Drivers\STM32G4xx_HAL_Driver\stm32g4xx_hal_adc.cyclo;stm32g4xx_hal_adc.cyclo;.cyclo;C:\myGit\STM32_Projects\B-G474E-DPOW1\HRTIM_Buck_Boost\STM32CubeIDE\Debug\Drivers\STM32G4xx_HAL_Driver;7922;1768728137.689911;1768730753
C:\myGit\STM32_Projects\B-G474E-DPOW1\HRTIM_Buck_Boost\STM32CubeIDE\Debug\Drivers\STM32G4xx_HAL_Driver\stm32g4xx_hal_adc.d;stm32g4xx_hal_adc.d;.d;C:\myGit\STM32_Projects\B-G474E-DPOW1\HRTIM_Buck_Boost\STM32CubeIDE\Debug\Drivers\STM32G4xx_HAL_Driver;3893;1768728137.690912;1768730753
C:\myGit\STM32_Projects\B-G474E-DPOW1\HRTIM_Buck_Boost\STM32CubeIDE\Debug\Drivers\STM32G4xx_HAL_Driver\stm32g4xx_hal_adc.o;stm32g4xx_hal_adc.o;.o;C:\myGit\STM32_Projects\B-G474E-DPOW1\HRTIM_Buck_Boost\STM32CubeIDE\Debug\Drivers\STM32G4xx_HAL_Driver;1544292;1768728137.842688;1768730753
C:\myGit\STM32_Projects\B-G474E-DPOW1\HRTIM_Buck_Boost\STM32CubeIDE\Debug\Drivers\STM32G4xx_HAL_Driver\stm32g4xx_hal_adc.su;stm32g4xx_hal_adc.su;.su;C:\myGit\STM32_Projects\B-G474E-DPOW1\HRTIM_Buck_Boost\STM32CubeIDE\Debug\Drivers\STM32G4xx_HAL_Driver;8511;1768728137.689911;1768730753
C:\myGit\STM32_Projects\B-G474E-DPOW1\HRTIM_Buck_Boost\STM32CubeIDE\Debug\Drivers\STM32G4xx_HAL_Driver\stm32g4xx_hal_adc_ex.cyclo;stm32g4xx_hal_adc_ex.cyclo;.cyclo;C:\myGit\STM32_Projects\B-G474E-DPOW1\HRTIM_Buck_Boost\STM32CubeIDE\Debug\Drivers\STM32G4xx_HAL_Driver;6608;1768728137.689911;1768730753
C:\myGit\STM32_Projects\B-G474E-DPOW1\HRTIM_Buck_Boost\STM32CubeIDE\Debug\Drivers\STM32G4xx_HAL_Driver\stm32g4xx_hal_adc_ex.d;stm32g4xx_hal_adc_ex.d;.d;C:\myGit\STM32_Projects\B-G474E-DPOW1\HRTIM_Buck_Boost\STM32CubeIDE\Debug\Drivers\STM32G4xx_HAL_Driver;3899;1768728137.690912;1768730753
C:\myGit\STM32_Projects\B-G474E-DPOW1\HRTIM_Buck_Boost\STM32CubeIDE\Debug\Drivers\STM32G4xx_HAL_Driver\stm32g4xx_hal_adc_ex.o;stm32g4xx_hal_adc_ex.o;.o;C:\myGit\STM32_Projects\B-G474E-DPOW1\HRTIM_Buck_Boost\STM32CubeIDE\Debug\Drivers\STM32G4xx_HAL_Driver;1534392;1768728137.842688;1768730753
C:\myGit\STM32_Projects\B-G474E-DPOW1\HRTIM_Buck_Boost\STM32CubeIDE\Debug\Drivers\STM32G4xx_HAL_Driver\stm32g4xx_hal_adc_ex.su;stm32g4xx_hal_adc_ex.su;.su;C:\myGit\STM32_Projects\B-G474E-DPOW1\HRTIM_Buck_Boost\STM32CubeIDE\Debug\Drivers\STM32G4xx_HAL_Driver;7049;1768728137.689911;1768730753
C:\myGit\STM32_Projects\B-G474E-DPOW1\HRTIM_Buck_Boost\STM32CubeIDE\Debug\Drivers\STM32G4xx_HAL_Driver\stm32g4xx_hal_cortex.cyclo;stm32g4xx_hal_cortex.cyclo;.cyclo;C:\myGit\STM32_Projects\B-G474E-DPOW1\HRTIM_Buck_Boost\STM32CubeIDE\Debug\Drivers\STM32G4xx_HAL_Driver;3824;1768728137.684911;1768730753
C:\myGit\STM32_Projects\B-G474E-DPOW1\HRTIM_Buck_Boost\STM32CubeIDE\Debug\Drivers\STM32G4xx_HAL_Driver\stm32g4xx_hal_cortex.d;stm32g4xx_hal_cortex.d;.d;C:\myGit\STM32_Projects\B-G474E-DPOW1\HRTIM_Buck_Boost\STM32CubeIDE\Debug\Drivers\STM32G4xx_HAL_Driver;3899;1768728137.684911;1768730753
C:\myGit\STM32_Projects\B-G474E-DPOW1\HRTIM_Buck_Boost\STM32CubeIDE\Debug\Drivers\STM32G4xx_HAL_Driver\stm32g4xx_hal_cortex.o;stm32g4xx_hal_cortex.o;.o;C:\myGit\STM32_Projects\B-G474E-DPOW1\HRTIM_Buck_Boost\STM32CubeIDE\Debug\Drivers\STM32G4xx_HAL_Driver;1510112;1768728137.8446877;1768730753
C:\myGit\STM32_Projects\B-G474E-DPOW1\HRTIM_Buck_Boost\STM32CubeIDE\Debug\Drivers\STM32G4xx_HAL_Driver\stm32g4xx_hal_cortex.su;stm32g4xx_hal_cortex.su;.su;C:\myGit\STM32_Projects\B-G474E-DPOW1\HRTIM_Buck_Boost\STM32CubeIDE\Debug\Drivers\STM32G4xx_HAL_Driver;4189;1768728137.684911;1768730753
C:\myGit\STM32_Projects\B-G474E-DPOW1\HRTIM_Buck_Boost\STM32CubeIDE\Debug\Drivers\STM32G4xx_HAL_Driver\stm32g4xx_hal_dma.cyclo;stm32g4xx_hal_dma.cyclo;.cyclo;C:\myGit\STM32_Projects\B-G474E-DPOW1\HRTIM_Buck_Boost\STM32CubeIDE\Debug\Drivers\STM32G4xx_HAL_Driver;2076;1768728137.7100027;1768730753
C:\myGit\STM32_Projects\B-G474E-DPOW1\HRTIM_Buck_Boost\STM32CubeIDE\Debug\Drivers\STM32G4xx_HAL_Driver\stm32g4xx_hal_dma.d;stm32g4xx_hal_dma.d;.d;C:\myGit\STM32_Projects\B-G474E-DPOW1\HRTIM_Buck_Boost\STM32CubeIDE\Debug\Drivers\STM32G4xx_HAL_Driver;3893;1768728137.7100027;1768730753
C:\myGit\STM32_Projects\B-G474E-DPOW1\HRTIM_Buck_Boost\STM32CubeIDE\Debug\Drivers\STM32G4xx_HAL_Driver\stm32g4xx_hal_dma.o;stm32g4xx_hal_dma.o;.o;C:\myGit\STM32_Projects\B-G474E-DPOW1\HRTIM_Buck_Boost\STM32CubeIDE\Debug\Drivers\STM32G4xx_HAL_Driver;1502424;1768728137.834689;1768730753
C:\myGit\STM32_Projects\B-G474E-DPOW1\HRTIM_Buck_Boost\STM32CubeIDE\Debug\Drivers\STM32G4xx_HAL_Driver\stm32g4xx_hal_dma.su;stm32g4xx_hal_dma.su;.su;C:\myGit\STM32_Projects\B-G474E-DPOW1\HRTIM_Buck_Boost\STM32CubeIDE\Debug\Drivers\STM32G4xx_HAL_Driver;2194;1768728137.7090027;1768730753
C:\myGit\STM32_Projects\B-G474E-DPOW1\HRTIM_Buck_Boost\STM32CubeIDE\Debug\Drivers\STM32G4xx_HAL_Driver\stm32g4xx_hal_dma_ex.cyclo;stm32g4xx_hal_dma_ex.cyclo;.cyclo;C:\myGit\STM32_Projects\B-G474E-DPOW1\HRTIM_Buck_Boost\STM32CubeIDE\Debug\Drivers\STM32G4xx_HAL_Driver;761;1768728137.7420769;1768730753
C:\myGit\STM32_Projects\B-G474E-DPOW1\HRTIM_Buck_Boost\STM32CubeIDE\Debug\Drivers\STM32G4xx_HAL_Driver\stm32g4xx_hal_dma_ex.d;stm32g4xx_hal_dma_ex.d;.d;C:\myGit\STM32_Projects\B-G474E-DPOW1\HRTIM_Buck_Boost\STM32CubeIDE\Debug\Drivers\STM32G4xx_HAL_Driver;3899;1768728137.7430773;1768730753
C:\myGit\STM32_Projects\B-G474E-DPOW1\HRTIM_Buck_Boost\STM32CubeIDE\Debug\Drivers\STM32G4xx_HAL_Driver\stm32g4xx_hal_dma_ex.o;stm32g4xx_hal_dma_ex.o;.o;C:\myGit\STM32_Projects\B-G474E-DPOW1\HRTIM_Buck_Boost\STM32CubeIDE\Debug\Drivers\STM32G4xx_HAL_Driver;1494704;1768728137.8714738;1768730753
C:\myGit\STM32_Projects\B-G474E-DPOW1\HRTIM_Buck_Boost\STM32CubeIDE\Debug\Drivers\STM32G4xx_HAL_Driver\stm32g4xx_hal_dma_ex.su;stm32g4xx_hal_dma_ex.su;.su;C:\myGit\STM32_Projects\B-G474E-DPOW1\HRTIM_Buck_Boost\STM32CubeIDE\Debug\Drivers\STM32G4xx_HAL_Driver;821;1768728137.7420769;1768730753
C:\myGit\STM32_Projects\B-G474E-DPOW1\HRTIM_Buck_Boost\STM32CubeIDE\Debug\Drivers\STM32G4xx_HAL_Driver\stm32g4xx_hal_exti.cyclo;stm32g4xx_hal_exti.cyclo;.cyclo;C:\myGit\STM32_Projects\B-G474E-DPOW1\HRTIM_Buck_Boost\STM32CubeIDE\Debug\Drivers\STM32G4xx_HAL_Driver;1267;1768728137.7460792;1768730753
C:\myGit\STM32_Projects\B-G474E-DPOW1\HRTIM_Buck_Boost\STM32CubeIDE\Debug\Drivers\STM32G4xx_HAL_Driver\stm32g4xx_hal_exti.d;stm32g4xx_hal_exti.d;.d;C:\myGit\STM32_Projects\B-G474E-DPOW1\HRTIM_Buck_Boost\STM32CubeIDE\Debug\Drivers\STM32G4xx_HAL_Driver;3895;1768728137.7470798;1768730753
C:\myGit\STM32_Projects\B-G474E-DPOW1\HRTIM_Buck_Boost\STM32CubeIDE\Debug\Drivers\STM32G4xx_HAL_Driver\stm32g4xx_hal_exti.o;stm32g4xx_hal_exti.o;.o;C:\myGit\STM32_Projects\B-G474E-DPOW1\HRTIM_Buck_Boost\STM32CubeIDE\Debug\Drivers\STM32G4xx_HAL_Driver;1496508;1768728137.8714738;1768730753
C:\myGit\STM32_Projects\B-G474E-DPOW1\HRTIM_Buck_Boost\STM32CubeIDE\Debug\Drivers\STM32G4xx_HAL_Driver\stm32g4xx_hal_exti.su;stm32g4xx_hal_exti.su;.su;C:\myGit\STM32_Projects\B-G474E-DPOW1\HRTIM_Buck_Boost\STM32CubeIDE\Debug\Drivers\STM32G4xx_HAL_Driver;1339;1768728137.7460792;1768730753
C:\myGit\STM32_Projects\B-G474E-DPOW1\HRTIM_Buck_Boost\STM32CubeIDE\Debug\Drivers\STM32G4xx_HAL_Driver\stm32g4xx_hal_flash.cyclo;stm32g4xx_hal_flash.cyclo;.cyclo;C:\myGit\STM32_Projects\B-G474E-DPOW1\HRTIM_Buck_Boost\STM32CubeIDE\Debug\Drivers\STM32G4xx_HAL_Driver;1986;1768728137.7632022;1768730753
C:\myGit\STM32_Projects\B-G474E-DPOW1\HRTIM_Buck_Boost\STM32CubeIDE\Debug\Drivers\STM32G4xx_HAL_Driver\stm32g4xx_hal_flash.d;stm32g4xx_hal_flash.d;.d;C:\myGit\STM32_Projects\B-G474E-DPOW1\HRTIM_Buck_Boost\STM32CubeIDE\Debug\Drivers\STM32G4xx_HAL_Driver;3897;1768728137.7632022;1768730753
C:\myGit\STM32_Projects\B-G474E-DPOW1\HRTIM_Buck_Boost\STM32CubeIDE\Debug\Drivers\STM32G4xx_HAL_Driver\stm32g4xx_hal_flash.o;stm32g4xx_hal_flash.o;.o;C:\myGit\STM32_Projects\B-G474E-DPOW1\HRTIM_Buck_Boost\STM32CubeIDE\Debug\Drivers\STM32G4xx_HAL_Driver;1499928;1768728137.859959;1768730753
C:\myGit\STM32_Projects\B-G474E-DPOW1\HRTIM_Buck_Boost\STM32CubeIDE\Debug\Drivers\STM32G4xx_HAL_Driver\stm32g4xx_hal_flash.su;stm32g4xx_hal_flash.su;.su;C:\myGit\STM32_Projects\B-G474E-DPOW1\HRTIM_Buck_Boost\STM32CubeIDE\Debug\Drivers\STM32G4xx_HAL_Driver;2135;1768728137.7632022;1768730753
C:\myGit\STM32_Projects\B-G474E-DPOW1\HRTIM_Buck_Boost\STM32CubeIDE\Debug\Drivers\STM32G4xx_HAL_Driver\stm32g4xx_hal_flash_ex.cyclo;stm32g4xx_hal_flash_ex.cyclo;.cyclo;C:\myGit\STM32_Projects\B-G474E-DPOW1\HRTIM_Buck_Boost\STM32CubeIDE\Debug\Drivers\STM32G4xx_HAL_Driver;3170;1768728137.845691;1768730753
C:\myGit\STM32_Projects\B-G474E-DPOW1\HRTIM_Buck_Boost\STM32CubeIDE\Debug\Drivers\STM32G4xx_HAL_Driver\stm32g4xx_hal_flash_ex.d;stm32g4xx_hal_flash_ex.d;.d;C:\myGit\STM32_Projects\B-G474E-DPOW1\HRTIM_Buck_Boost\STM32CubeIDE\Debug\Drivers\STM32G4xx_HAL_Driver;3903;1768728137.845691;1768730753
C:\myGit\STM32_Projects\B-G474E-DPOW1\HRTIM_Buck_Boost\STM32CubeIDE\Debug\Drivers\STM32G4xx_HAL_Driver\stm32g4xx_hal_flash_ex.o;stm32g4xx_hal_flash_ex.o;.o;C:\myGit\STM32_Projects\B-G474E-DPOW1\HRTIM_Buck_Boost\STM32CubeIDE\Debug\Drivers\STM32G4xx_HAL_Driver;1506728;1768728137.9652603;1768730753
C:\myGit\STM32_Projects\B-G474E-DPOW1\HRTIM_Buck_Boost\STM32CubeIDE\Debug\Drivers\STM32G4xx_HAL_Driver\stm32g4xx_hal_flash_ex.su;stm32g4xx_hal_flash_ex.su;.su;C:\myGit\STM32_Projects\B-G474E-DPOW1\HRTIM_Buck_Boost\STM32CubeIDE\Debug\Drivers\STM32G4xx_HAL_Driver;3340;1768728137.845691;1768730753
C:\myGit\STM32_Projects\B-G474E-DPOW1\HRTIM_Buck_Boost\STM32CubeIDE\Debug\Drivers\STM32G4xx_HAL_Driver\stm32g4xx_hal_flash_ramfunc.cyclo;stm32g4xx_hal_flash_ramfunc.cyclo;.cyclo;C:\myGit\STM32_Projects\B-G474E-DPOW1\HRTIM_Buck_Boost\STM32CubeIDE\Debug\Drivers\STM32G4xx_HAL_Driver;474;1768728137.8180466;1768730753
C:\myGit\STM32_Projects\B-G474E-DPOW1\HRTIM_Buck_Boost\STM32CubeIDE\Debug\Drivers\STM32G4xx_HAL_Driver\stm32g4xx_hal_flash_ramfunc.d;stm32g4xx_hal_flash_ramfunc.d;.d;C:\myGit\STM32_Projects\B-G474E-DPOW1\HRTIM_Buck_Boost\STM32CubeIDE\Debug\Drivers\STM32G4xx_HAL_Driver;3913;1768728137.8180466;1768730753
C:\myGit\STM32_Projects\B-G474E-DPOW1\HRTIM_Buck_Boost\STM32CubeIDE\Debug\Drivers\STM32G4xx_HAL_Driver\stm32g4xx_hal_flash_ramfunc.o;stm32g4xx_hal_flash_ramfunc.o;.o;C:\myGit\STM32_Projects\B-G474E-DPOW1\HRTIM_Buck_Boost\STM32CubeIDE\Debug\Drivers\STM32G4xx_HAL_Driver;1492464;1768728137.9469433;1768730753
C:\myGit\STM32_Projects\B-G474E-DPOW1\HRTIM_Buck_Boost\STM32CubeIDE\Debug\Drivers\STM32G4xx_HAL_Driver\stm32g4xx_hal_flash_ramfunc.su;stm32g4xx_hal_flash_ramfunc.su;.su;C:\myGit\STM32_Projects\B-G474E-DPOW1\HRTIM_Buck_Boost\STM32CubeIDE\Debug\Drivers\STM32G4xx_HAL_Driver;495;1768728137.8180466;1768730753
C:\myGit\STM32_Projects\B-G474E-DPOW1\HRTIM_Buck_Boost\STM32CubeIDE\Debug\Drivers\STM32G4xx_HAL_Driver\stm32g4xx_hal_gpio.cyclo;stm32g4xx_hal_gpio.cyclo;.cyclo;C:\myGit\STM32_Projects\B-G474E-DPOW1\HRTIM_Buck_Boost\STM32CubeIDE\Debug\Drivers\STM32G4xx_HAL_Driver;1098;1768728137.8764763;1768730753
C:\myGit\STM32_Projects\B-G474E-DPOW1\HRTIM_Buck_Boost\STM32CubeIDE\Debug\Drivers\STM32G4xx_HAL_Driver\stm32g4xx_hal_gpio.d;stm32g4xx_hal_gpio.d;.d;C:\myGit\STM32_Projects\B-G474E-DPOW1\HRTIM_Buck_Boost\STM32CubeIDE\Debug\Drivers\STM32G4xx_HAL_Driver;3895;1768728137.8774757;1768730753
C:\myGit\STM32_Projects\B-G474E-DPOW1\HRTIM_Buck_Boost\STM32CubeIDE\Debug\Drivers\STM32G4xx_HAL_Driver\stm32g4xx_hal_gpio.o;stm32g4xx_hal_gpio.o;.o;C:\myGit\STM32_Projects\B-G474E-DPOW1\HRTIM_Buck_Boost\STM32CubeIDE\Debug\Drivers\STM32G4xx_HAL_Driver;1497160;1768728137.9751327;1768730753
C:\myGit\STM32_Projects\B-G474E-DPOW1\HRTIM_Buck_Boost\STM32CubeIDE\Debug\Drivers\STM32G4xx_HAL_Driver\stm32g4xx_hal_gpio.su;stm32g4xx_hal_gpio.su;.su;C:\myGit\STM32_Projects\B-G474E-DPOW1\HRTIM_Buck_Boost\STM32CubeIDE\Debug\Drivers\STM32G4xx_HAL_Driver;1160;1768728137.8764763;1768730753
C:\myGit\STM32_Projects\B-G474E-DPOW1\HRTIM_Buck_Boost\STM32CubeIDE\Debug\Drivers\STM32G4xx_HAL_Driver\stm32g4xx_hal_hrtim.cyclo;stm32g4xx_hal_hrtim.cyclo;.cyclo;C:\myGit\STM32_Projects\B-G474E-DPOW1\HRTIM_Buck_Boost\STM32CubeIDE\Debug\Drivers\STM32G4xx_HAL_Driver;21668;1768728138.0648837;1768730753
C:\myGit\STM32_Projects\B-G474E-DPOW1\HRTIM_Buck_Boost\STM32CubeIDE\Debug\Drivers\STM32G4xx_HAL_Driver\stm32g4xx_hal_hrtim.d;stm32g4xx_hal_hrtim.d;.d;C:\myGit\STM32_Projects\B-G474E-DPOW1\HRTIM_Buck_Boost\STM32CubeIDE\Debug\Drivers\STM32G4xx_HAL_Driver;3897;1768728138.065884;1768730753
C:\myGit\STM32_Projects\B-G474E-DPOW1\HRTIM_Buck_Boost\STM32CubeIDE\Debug\Drivers\STM32G4xx_HAL_Driver\stm32g4xx_hal_hrtim.o;stm32g4xx_hal_hrtim.o;.o;C:\myGit\STM32_Projects\B-G474E-DPOW1\HRTIM_Buck_Boost\STM32CubeIDE\Debug\Drivers\STM32G4xx_HAL_Driver;1617904;1768728138.1904812;1768730753
C:\myGit\STM32_Projects\B-G474E-DPOW1\HRTIM_Buck_Boost\STM32CubeIDE\Debug\Drivers\STM32G4xx_HAL_Driver\stm32g4xx_hal_hrtim.su;stm32g4xx_hal_hrtim.su;.su;C:\myGit\STM32_Projects\B-G474E-DPOW1\HRTIM_Buck_Boost\STM32CubeIDE\Debug\Drivers\STM32G4xx_HAL_Driver;22780;1768728138.0648837;1768730753
C:\myGit\STM32_Projects\B-G474E-DPOW1\HRTIM_Buck_Boost\STM32CubeIDE\Debug\Drivers\STM32G4xx_HAL_Driver\stm32g4xx_hal_pwr.cyclo;stm32g4xx_hal_pwr.cyclo;.cyclo;C:\myGit\STM32_Projects\B-G474E-DPOW1\HRTIM_Buck_Boost\STM32CubeIDE\Debug\Drivers\STM32G4xx_HAL_Driver;2235;1768728137.9275963;1768730753
C:\myGit\STM32_Projects\B-G474E-DPOW1\HRTIM_Buck_Boost\STM32CubeIDE\Debug\Drivers\STM32G4xx_HAL_Driver\stm32g4xx_hal_pwr.d;stm32g4xx_hal_pwr.d;.d;C:\myGit\STM32_Projects\B-G474E-DPOW1\HRTIM_Buck_Boost\STM32CubeIDE\Debug\Drivers\STM32G4xx_HAL_Driver;3893;1768728137.928598;1768730753
C:\myGit\STM32_Projects\B-G474E-DPOW1\HRTIM_Buck_Boost\STM32CubeIDE\Debug\Drivers\STM32G4xx_HAL_Driver\stm32g4xx_hal_pwr.o;stm32g4xx_hal_pwr.o;.o;C:\myGit\STM32_Projects\B-G474E-DPOW1\HRTIM_Buck_Boost\STM32CubeIDE\Debug\Drivers\STM32G4xx_HAL_Driver;1499264;1768728138.019601;1768730753
C:\myGit\STM32_Projects\B-G474E-DPOW1\HRTIM_Buck_Boost\STM32CubeIDE\Debug\Drivers\STM32G4xx_HAL_Driver\stm32g4xx_hal_pwr.su;stm32g4xx_hal_pwr.su;.su;C:\myGit\STM32_Projects\B-G474E-DPOW1\HRTIM_Buck_Boost\STM32CubeIDE\Debug\Drivers\STM32G4xx_HAL_Driver;2392;1768728137.9275963;1768730753
C:\myGit\STM32_Projects\B-G474E-DPOW1\HRTIM_Buck_Boost\STM32CubeIDE\Debug\Drivers\STM32G4xx_HAL_Driver\stm32g4xx_hal_pwr_ex.cyclo;stm32g4xx_hal_pwr_ex.cyclo;.cyclo;C:\myGit\STM32_Projects\B-G474E-DPOW1\HRTIM_Buck_Boost\STM32CubeIDE\Debug\Drivers\STM32G4xx_HAL_Driver;5509;1768728137.9376893;1768730753
C:\myGit\STM32_Projects\B-G474E-DPOW1\HRTIM_Buck_Boost\STM32CubeIDE\Debug\Drivers\STM32G4xx_HAL_Driver\stm32g4xx_hal_pwr_ex.d;stm32g4xx_hal_pwr_ex.d;.d;C:\myGit\STM32_Projects\B-G474E-DPOW1\HRTIM_Buck_Boost\STM32CubeIDE\Debug\Drivers\STM32G4xx_HAL_Driver;3899;1768728137.9376893;1768730753
C:\myGit\STM32_Projects\B-G474E-DPOW1\HRTIM_Buck_Boost\STM32CubeIDE\Debug\Drivers\STM32G4xx_HAL_Driver\stm32g4xx_hal_pwr_ex.o;stm32g4xx_hal_pwr_ex.o;.o;C:\myGit\STM32_Projects\B-G474E-DPOW1\HRTIM_Buck_Boost\STM32CubeIDE\Debug\Drivers\STM32G4xx_HAL_Driver;1509364;1768728138.030609;1768730753
C:\myGit\STM32_Projects\B-G474E-DPOW1\HRTIM_Buck_Boost\STM32CubeIDE\Debug\Drivers\STM32G4xx_HAL_Driver\stm32g4xx_hal_pwr_ex.su;stm32g4xx_hal_pwr_ex.su;.su;C:\myGit\STM32_Projects\B-G474E-DPOW1\HRTIM_Buck_Boost\STM32CubeIDE\Debug\Drivers\STM32G4xx_HAL_Driver;5836;1768728137.9376893;1768730753
C:\myGit\STM32_Projects\B-G474E-DPOW1\HRTIM_Buck_Boost\STM32CubeIDE\Debug\Drivers\STM32G4xx_HAL_Driver\stm32g4xx_hal_rcc.cyclo;stm32g4xx_hal_rcc.cyclo;.cyclo;C:\myGit\STM32_Projects\B-G474E-DPOW1\HRTIM_Buck_Boost\STM32CubeIDE\Debug\Drivers\STM32G4xx_HAL_Driver;2233;1768728138.0256076;1768730753
C:\myGit\STM32_Projects\B-G474E-DPOW1\HRTIM_Buck_Boost\STM32CubeIDE\Debug\Drivers\STM32G4xx_HAL_Driver\stm32g4xx_hal_rcc.d;stm32g4xx_hal_rcc.d;.d;C:\myGit\STM32_Projects\B-G474E-DPOW1\HRTIM_Buck_Boost\STM32CubeIDE\Debug\Drivers\STM32G4xx_HAL_Driver;3893;1768728138.0256076;1768730753
C:\myGit\STM32_Projects\B-G474E-DPOW1\HRTIM_Buck_Boost\STM32CubeIDE\Debug\Drivers\STM32G4xx_HAL_Driver\stm32g4xx_hal_rcc.o;stm32g4xx_hal_rcc.o;.o;C:\myGit\STM32_Projects\B-G474E-DPOW1\HRTIM_Buck_Boost\STM32CubeIDE\Debug\Drivers\STM32G4xx_HAL_Driver;1507064;1768728138.1485736;1768730753
C:\myGit\STM32_Projects\B-G474E-DPOW1\HRTIM_Buck_Boost\STM32CubeIDE\Debug\Drivers\STM32G4xx_HAL_Driver\stm32g4xx_hal_rcc.su;stm32g4xx_hal_rcc.su;.su;C:\myGit\STM32_Projects\B-G474E-DPOW1\HRTIM_Buck_Boost\STM32CubeIDE\Debug\Drivers\STM32G4xx_HAL_Driver;2351;1768728138.0246081;1768730753
C:\myGit\STM32_Projects\B-G474E-DPOW1\HRTIM_Buck_Boost\STM32CubeIDE\Debug\Drivers\STM32G4xx_HAL_Driver\stm32g4xx_hal_rcc_ex.cyclo;stm32g4xx_hal_rcc_ex.cyclo;.cyclo;C:\myGit\STM32_Projects\B-G474E-DPOW1\HRTIM_Buck_Boost\STM32CubeIDE\Debug\Drivers\STM32G4xx_HAL_Driver;2843;1768728138.0426068;1768730753
C:\myGit\STM32_Projects\B-G474E-DPOW1\HRTIM_Buck_Boost\STM32CubeIDE\Debug\Drivers\STM32G4xx_HAL_Driver\stm32g4xx_hal_rcc_ex.d;stm32g4xx_hal_rcc_ex.d;.d;C:\myGit\STM32_Projects\B-G474E-DPOW1\HRTIM_Buck_Boost\STM32CubeIDE\Debug\Drivers\STM32G4xx_HAL_Driver;3899;1768728138.0426068;1768730753
C:\myGit\STM32_Projects\B-G474E-DPOW1\HRTIM_Buck_Boost\STM32CubeIDE\Debug\Drivers\STM32G4xx_HAL_Driver\stm32g4xx_hal_rcc_ex.o;stm32g4xx_hal_rcc_ex.o;.o;C:\myGit\STM32_Projects\B-G474E-DPOW1\HRTIM_Buck_Boost\STM32CubeIDE\Debug\Drivers\STM32G4xx_HAL_Driver;1510840;1768728138.1495805;1768730753
C:\myGit\STM32_Projects\B-G474E-DPOW1\HRTIM_Buck_Boost\STM32CubeIDE\Debug\Drivers\STM32G4xx_HAL_Driver\stm32g4xx_hal_rcc_ex.su;stm32g4xx_hal_rcc_ex.su;.su;C:\myGit\STM32_Projects\B-G474E-DPOW1\HRTIM_Buck_Boost\STM32CubeIDE\Debug\Drivers\STM32G4xx_HAL_Driver;2981;1768728138.0416062;1768730753
C:\myGit\STM32_Projects\B-G474E-DPOW1\HRTIM_Buck_Boost\STM32CubeIDE\Debug\Drivers\STM32G4xx_HAL_Driver\stm32g4xx_hal_uart.cyclo;stm32g4xx_hal_uart.cyclo;.cyclo;C:\myGit\STM32_Projects\B-G474E-DPOW1\HRTIM_Buck_Boost\STM32CubeIDE\Debug\Drivers\STM32G4xx_HAL_Driver;9980;1768728138.1485736;1768730753
C:\myGit\STM32_Projects\B-G474E-DPOW1\HRTIM_Buck_Boost\STM32CubeIDE\Debug\Drivers\STM32G4xx_HAL_Driver\stm32g4xx_hal_uart.d;stm32g4xx_hal_uart.d;.d;C:\myGit\STM32_Projects\B-G474E-DPOW1\HRTIM_Buck_Boost\STM32CubeIDE\Debug\Drivers\STM32G4xx_HAL_Driver;3895;1768728138.1485736;1768730753
C:\myGit\STM32_Projects\B-G474E-DPOW1\HRTIM_Buck_Boost\STM32CubeIDE\Debug\Drivers\STM32G4xx_HAL_Driver\stm32g4xx_hal_uart.o;stm32g4xx_hal_uart.o;.o;C:\myGit\STM32_Projects\B-G474E-DPOW1\HRTIM_Buck_Boost\STM32CubeIDE\Debug\Drivers\STM32G4xx_HAL_Driver;1568248;1768728138.2578773;1768730753
C:\myGit\STM32_Projects\B-G474E-DPOW1\HRTIM_Buck_Boost\STM32CubeIDE\Debug\Drivers\STM32G4xx_HAL_Driver\stm32g4xx_hal_uart.su;stm32g4xx_hal_uart.su;.su;C:\myGit\STM32_Projects\B-G474E-DPOW1\HRTIM_Buck_Boost\STM32CubeIDE\Debug\Drivers\STM32G4xx_HAL_Driver;11218;1768728138.1474864;1768730753
C:\myGit\STM32_Projects\B-G474E-DPOW1\HRTIM_Buck_Boost\STM32CubeIDE\Debug\Drivers\STM32G4xx_HAL_Driver\stm32g4xx_hal_uart_ex.cyclo;stm32g4xx_hal_uart_ex.cyclo;.cyclo;C:\myGit\STM32_Projects\B-G474E-DPOW1\HRTIM_Buck_Boost\STM32CubeIDE\Debug\Drivers\STM32G4xx_HAL_Driver;2707;1768728138.090312;1768730753
C:\myGit\STM32_Projects\B-G474E-DPOW1\HRTIM_Buck_Boost\STM32CubeIDE\Debug\Drivers\STM32G4xx_HAL_Driver\stm32g4xx_hal_uart_ex.d;stm32g4xx_hal_uart_ex.d;.d;C:\myGit\STM32_Projects\B-G474E-DPOW1\HRTIM_Buck_Boost\STM32CubeIDE\Debug\Drivers\STM32G4xx_HAL_Driver;3901;1768728138.091463;1768730753
C:\myGit\STM32_Projects\B-G474E-DPOW1\HRTIM_Buck_Boost\STM32CubeIDE\Debug\Drivers\STM32G4xx_HAL_Driver\stm32g4xx_hal_uart_ex.o;stm32g4xx_hal_uart_ex.o;.o;C:\myGit\STM32_Projects\B-G474E-DPOW1\HRTIM_Buck_Boost\STM32CubeIDE\Debug\Drivers\STM32G4xx_HAL_Driver;1506892;1768728138.2080538;1768730753
C:\myGit\STM32_Projects\B-G474E-DPOW1\HRTIM_Buck_Boost\STM32CubeIDE\Debug\Drivers\STM32G4xx_HAL_Driver\stm32g4xx_hal_uart_ex.su;stm32g4xx_hal_uart_ex.su;.su;C:\myGit\STM32_Projects\B-G474E-DPOW1\HRTIM_Buck_Boost\STM32CubeIDE\Debug\Drivers\STM32G4xx_HAL_Driver;2930;1768728138.090312;1768730753
C:\myGit\STM32_Projects\B-G474E-DPOW1\HRTIM_Buck_Boost\STM32CubeIDE\Debug\Drivers\STM32G4xx_HAL_Driver\stm32g4xx_ll_adc.cyclo;stm32g4xx_ll_adc.cyclo;.cyclo;C:\myGit\STM32_Projects\B-G474E-DPOW1\HRTIM_Buck_Boost\STM32CubeIDE\Debug\Drivers\STM32G4xx_HAL_Driver;0;1768728137.9595363;1768730753
C:\myGit\STM32_Projects\B-G474E-DPOW1\HRTIM_Buck_Boost\STM32CubeIDE\Debug\Drivers\STM32G4xx_HAL_Driver\stm32g4xx_ll_adc.d;stm32g4xx_ll_adc.d;.d;C:\myGit\STM32_Projects\B-G474E-DPOW1\HRTIM_Buck_Boost\STM32CubeIDE\Debug\Drivers\STM32G4xx_HAL_Driver;161;1768728137.9635074;1768730753
C:\myGit\STM32_Projects\B-G474E-DPOW1\HRTIM_Buck_Boost\STM32CubeIDE\Debug\Drivers\STM32G4xx_HAL_Driver\stm32g4xx_ll_adc.o;stm32g4xx_ll_adc.o;.o;C:\myGit\STM32_Projects\B-G474E-DPOW1\HRTIM_Buck_Boost\STM32CubeIDE\Debug\Drivers\STM32G4xx_HAL_Driver;20280;1768728138.0130956;1768730753
C:\myGit\STM32_Projects\B-G474E-DPOW1\HRTIM_Buck_Boost\STM32CubeIDE\Debug\Drivers\STM32G4xx_HAL_Driver\stm32g4xx_ll_adc.su;stm32g4xx_ll_adc.su;.su;C:\myGit\STM32_Projects\B-G474E-DPOW1\HRTIM_Buck_Boost\STM32CubeIDE\Debug\Drivers\STM32G4xx_HAL_Driver;0;1768728137.9585333;1768730753
C:\myGit\STM32_Projects\B-G474E-DPOW1\HRTIM_Buck_Boost\STM32CubeIDE\Debug\Drivers\STM32G4xx_HAL_Driver\subdir.mk;subdir.mk;.mk;C:\myGit\STM32_Projects\B-G474E-DPOW1\HRTIM_Buck_Boost\STM32CubeIDE\Debug\Drivers\STM32G4xx_HAL_Driver;23993;1768728122.1296124;1768730753
C:\myGit\STM32_Projects\B-G474E-DPOW1\HRTIM_Buck_Boost\STM32CubeIDE\Debug\HRTIM_Buck_Boost.elf;HRTIM_Buck_Boost.elf;.elf;C:\myGit\STM32_Projects\B-G474E-DPOW1\HRTIM_Buck_Boost\STM32CubeIDE\Debug;1771632;1768728138.8955271;1768730753
C:\myGit\STM32_Projects\B-G474E-DPOW1\HRTIM_Buck_Boost\STM32CubeIDE\Debug\HRTIM_Buck_Boost.list;HRTIM_Buck_Boost.list;.list;C:\myGit\STM32_Projects\B-G474E-DPOW1\HRTIM_Buck_Boost\STM32CubeIDE\Debug;968356;1768728139.0970354;1768730753
C:\myGit\STM32_Projects\B-G474E-DPOW1\HRTIM_Buck_Boost\STM32CubeIDE\Debug\HRTIM_Buck_Boost.map;HRTIM_Buck_Boost.map;.map;C:\myGit\STM32_Projects\B-G474E-DPOW1\HRTIM_Buck_Boost\STM32CubeIDE\Debug;483814;1768728138.898515;1768730753
C:\myGit\STM32_Projects\B-G474E-DPOW1\HRTIM_Buck_Boost\STM32CubeIDE\Debug\makefile;makefile;;C:\myGit\STM32_Projects\B-G474E-DPOW1\HRTIM_Buck_Boost\STM32CubeIDE\Debug;3219;1768728122.131613;1768730753
C:\myGit\STM32_Projects\B-G474E-DPOW1\HRTIM_Buck_Boost\STM32CubeIDE\Debug\objects.list;objects.list;.list;C:\myGit\STM32_Projects\B-G474E-DPOW1\HRTIM_Buck_Boost\STM32CubeIDE\Debug;1639;1768652754.3094406;1768730753
C:\myGit\STM32_Projects\B-G474E-DPOW1\HRTIM_Buck_Boost\STM32CubeIDE\Debug\objects.mk;objects.mk;.mk;C:\myGit\STM32_Projects\B-G474E-DPOW1\HRTIM_Buck_Boost\STM32CubeIDE\Debug;285;1768646009.1561203;1768730753
C:\myGit\STM32_Projects\B-G474E-DPOW1\HRTIM_Buck_Boost\STM32CubeIDE\Debug\sources.mk;sources.mk;.mk;C:\myGit\STM32_Projects\B-G474E-DPOW1\HRTIM_Buck_Boost\STM32CubeIDE\Debug;686;1768646009.0497773;1768730753
C:\myGit\STM32_Projects\B-G474E-DPOW1\HRTIM_Buck_Boost\STM32CubeIDE\HRTIM_Buck_Boost.launch;HRTIM_Buck_Boost.launch;.launch;C:\myGit\STM32_Projects\B-G474E-DPOW1\HRTIM_Buck_Boost\STM32CubeIDE;9296;1768728153.5404775;1768730753
C:\myGit\STM32_Projects\B-G474E-DPOW1\HRTIM_Buck_Boost\STM32CubeIDE\STM32G474RETX_FLASH.ld;STM32G474RETX_FLASH.ld;.ld;C:\myGit\STM32_Projects\B-G474E-DPOW1\HRTIM_Buck_Boost\STM32CubeIDE;6764;1768655631.8990836;1768730753
